,Inverter Power (W)
0,0.0
1,0.0
2,0.0
3,0.0
4,0.0
5,0.0
6,0.0
7,19.8897
8,253.431
9,391.36
10,516.506
11,525.329
12,587.309
13,614.509
14,458.635
15,351.1
16,151.153
17,0.0
18,0.0
19,0.0
20,0.0
21,0.0
22,0.0
23,0.0
24,0.0
25,0.0
26,0.0
27,0.0
28,0.0
29,0.0
30,0.0
31,8.58858
32,137.251
33,153.369
34,183.96
35,397.082
36,248.472
37,233.457
38,233.211
39,203.956
40,167.73
41,0.0
42,0.0
43,0.0
44,0.0
45,0.0
46,0.0
47,0.0
48,0.0
49,0.0
50,0.0
51,0.0
52,0.0
53,0.0
54,0.0
55,19.5194
56,191.798
57,360.851
58,494.317
59,567.174
60,592.126
61,540.423
62,381.893
63,335.817
64,148.173
65,0.0
66,0.0
67,0.0
68,0.0
69,0.0
70,0.0
71,0.0
72,0.0
73,0.0
74,0.0
75,0.0
76,0.0
77,0.0
78,0.0
79,7.88321
80,95.3933
81,166.205
82,202.98
83,322.742
84,365.435
85,361.916
86,426.126
87,325.985
88,173.094
89,0.0
90,0.0
91,0.0
92,0.0
93,0.0
94,0.0
95,0.0
96,0.0
97,0.0
98,0.0
99,0.0
100,0.0
101,0.0
102,0.0
103,16.4908
104,314.353
105,525.881
106,649.184
107,707.335
108,696.78
109,648.851
110,536.887
111,365.021
112,159.198
113,0.0
114,0.0
115,0.0
116,0.0
117,0.0
118,0.0
119,0.0
120,0.0
121,0.0
122,0.0
123,0.0
124,0.0
125,0.0
126,0.0
127,15.5808
128,329.988
129,545.579
130,671.339
131,742.628
132,760.764
133,710.609
134,591.123
135,414.851
136,193.163
137,0.0
138,0.0
139,0.0
140,0.0
141,0.0
142,0.0
143,0.0
144,0.0
145,0.0
146,0.0
147,0.0
148,0.0
149,0.0
150,0.0
151,0.0
152,33.1006
153,62.2152
154,60.3373
155,50.6307
156,37.7803
157,495.733
158,462.906
159,323.359
160,131.241
161,0.0
162,0.0
163,0.0
164,0.0
165,0.0
166,0.0
167,0.0
168,0.0
169,0.0
170,0.0
171,0.0
172,0.0
173,0.0
174,0.0
175,1.46183
176,34.1552
177,62.6652
178,34.8546
179,69.7161
180,58.3562
181,654.29
182,538.766
183,456.949
184,225.549
185,0.0
186,0.0
187,0.0
188,0.0
189,0.0
190,0.0
191,0.0
192,0.0
193,0.0
194,0.0
195,0.0
196,0.0
197,0.0
198,0.0
199,41.2624
200,47.9522
201,147.007
202,151.598
203,88.5405
204,649.76
205,376.174
206,316.702
207,182.201
208,143.832
209,0.0
210,0.0
211,0.0
212,0.0
213,0.0
214,0.0
215,0.0
216,0.0
217,0.0
218,0.0
219,0.0
220,0.0
221,0.0
222,0.0
223,0.0
224,12.9083
225,30.0455
226,48.7528
227,58.484
228,57.6092
229,534.153
230,445.277
231,301.264
232,144.889
233,0.0
234,0.0
235,0.0
236,0.0
237,0.0
238,0.0
239,0.0
240,0.0
241,0.0
242,0.0
243,0.0
244,0.0
245,0.0
246,0.0
247,17.5351
248,277.303
249,501.505
250,529.808
251,614.978
252,642.298
253,439.027
254,429.94
255,321.96
256,132.383
257,0.0
258,0.0
259,0.0
260,0.0
261,0.0
262,0.0
263,0.0
264,0.0
265,0.0
266,0.0
267,0.0
268,0.0
269,0.0
270,0.0
271,18.9983
272,306.502
273,531.946
274,761.102
275,771.656
276,520.39
277,293.144
278,132.522
279,104.593
280,17.3149
281,0.0
282,0.0
283,0.0
284,0.0
285,0.0
286,0.0
287,0.0
288,0.0
289,0.0
290,0.0
291,0.0
292,0.0
293,0.0
294,0.0
295,14.976
296,219.814
297,303.737
298,405.057
299,437.168
300,484.338
301,462.522
302,391.831
303,224.403
304,88.2536
305,0.0
306,0.0
307,0.0
308,0.0
309,0.0
310,0.0
311,0.0
312,0.0
313,0.0
314,0.0
315,0.0
316,0.0
317,0.0
318,0.0
319,3.96633
320,67.4132
321,116.554
322,168.201
323,165.681
324,135.675
325,111.604
326,93.1814
327,29.1228
328,12.9105
329,0.0
330,0.0
331,0.0
332,0.0
333,0.0
334,0.0
335,0.0
336,0.0
337,0.0
338,0.0
339,0.0
340,0.0
341,0.0
342,0.0
343,15.8263
344,318.382
345,525.751
346,649.072
347,725.539
348,724.144
349,684.632
350,587.022
351,443.389
352,223.973
353,0.0
354,0.0
355,0.0
356,0.0
357,0.0
358,0.0
359,0.0
360,0.0
361,0.0
362,0.0
363,0.0
364,0.0
365,0.0
366,0.0
367,16.7888
368,342.347
369,564.271
370,683.311
371,749.687
372,756.995
373,691.932
374,594.865
375,442.08
376,226.331
377,0.0
378,0.0
379,0.0
380,0.0
381,0.0
382,0.0
383,0.0
384,0.0
385,0.0
386,0.0
387,0.0
388,0.0
389,0.0
390,0.0
391,16.518
392,327.729
393,535.605
394,647.337
395,726.624
396,740.326
397,710.505
398,613.32
399,440.23
400,221.387
401,0.0
402,0.0
403,0.0
404,0.0
405,0.0
406,0.0
407,0.0
408,0.0
409,0.0
410,0.0
411,0.0
412,0.0
413,0.0
414,0.0
415,1.34949
416,54.786
417,105.699
418,147.689
419,144.776
420,123.222
421,92.1937
422,84.4085
423,58.4223
424,15.6414
425,0.0
426,0.0
427,0.0
428,0.0
429,0.0
430,0.0
431,0.0
432,0.0
433,0.0
434,0.0
435,0.0
436,0.0
437,0.0
438,0.0
439,0.504694
440,40.5238
441,102.844
442,545.251
443,637.434
444,118.673
445,242.738
446,159.238
447,18.4622
448,5.14249
449,0.0
450,0.0
451,0.0
452,0.0
453,0.0
454,0.0
455,0.0
456,0.0
457,0.0
458,0.0
459,0.0
460,0.0
461,0.0
462,0.0
463,7.76647
464,102.328
465,173.133
466,283.426
467,346.667
468,328.42
469,294.151
470,229.115
471,145.495
472,55.7323
473,0.0
474,0.0
475,0.0
476,0.0
477,0.0
478,0.0
479,0.0
480,0.0
481,0.0
482,0.0
483,0.0
484,0.0
485,0.0
486,0.0
487,10.8224
488,86.8677
489,154.168
490,124.232
491,162.397
492,154.605
493,183.067
494,153.437
495,44.9541
496,19.9953
497,0.0
498,0.0
499,0.0
500,0.0
501,0.0
502,0.0
503,0.0
504,0.0
505,0.0
506,0.0
507,0.0
508,0.0
509,0.0
510,0.0
511,104.072
512,293.301
513,419.033
514,506.406
515,573.569
516,591.631
517,573.777
518,467.594
519,350.66
520,192.539
521,0.0
522,0.0
523,0.0
524,0.0
525,0.0
526,0.0
527,0.0
528,0.0
529,0.0
530,0.0
531,0.0
532,0.0
533,0.0
534,0.0
535,117.637
536,326.42
537,475.052
538,570.935
539,641.069
540,657.339
541,621.817
542,531.812
543,404.632
544,217.146
545,0.0
546,0.0
547,0.0
548,0.0
549,0.0
550,0.0
551,0.0
552,0.0
553,0.0
554,0.0
555,0.0
556,0.0
557,0.0
558,0.0
559,127.143
560,349.215
561,500.515
562,598.702
563,651.052
564,679.575
565,635.932
566,542.546
567,412.231
568,224.182
569,0.0
570,0.0
571,0.0
572,0.0
573,0.0
574,0.0
575,0.0
576,0.0
577,0.0
578,0.0
579,0.0
580,0.0
581,0.0
582,0.0
583,134.519
584,365.324
585,550.088
586,665.318
587,730.321
588,735.71
589,690.364
590,591.459
591,440.418
592,239.537
593,0.0
594,0.0
595,0.0
596,0.0
597,0.0
598,0.0
599,0.0
600,0.0
601,0.0
602,0.0
603,0.0
604,0.0
605,0.0
606,0.0
607,115.878
608,320.323
609,496.907
610,616.901
611,658.611
612,675.248
613,623.073
614,550.025
615,385.928
616,211.472
617,0.0
618,0.0
619,0.0
620,0.0
621,0.0
622,0.0
623,0.0
624,0.0
625,0.0
626,0.0
627,0.0
628,0.0
629,0.0
630,0.0
631,9.11548
632,50.6716
633,74.4425
634,102.751
635,118.876
636,133.734
637,114.731
638,92.7679
639,62.9733
640,28.6291
641,0.0
642,0.0
643,0.0
644,0.0
645,0.0
646,0.0
647,0.0
648,0.0
649,0.0
650,0.0
651,0.0
652,0.0
653,0.0
654,0.0
655,38.8238
656,133.819
657,226.672
658,276.313
659,272.455
660,307.787
661,288.295
662,196.907
663,118.46
664,46.8398
665,0.0
666,0.0
667,0.0
668,0.0
669,0.0
670,0.0
671,0.0
672,0.0
673,0.0
674,0.0
675,0.0
676,0.0
677,0.0
678,0.0
679,23.0718
680,58.206
681,84.4422
682,164.249
683,142.671
684,37.5981
685,413.721
686,337.899
687,288.709
688,158.31
689,0.0
690,0.0
691,0.0
692,0.0
693,0.0
694,0.0
695,0.0
696,0.0
697,0.0
698,0.0
699,0.0
700,0.0
701,0.0
702,0.0
703,18.9137
704,69.2071
705,166.352
706,209.709
707,191.736
708,148.751
709,77.2211
710,58.3536
711,48.2462
712,23.2284
713,0.0
714,0.0
715,0.0
716,0.0
717,0.0
718,0.0
719,0.0
720,0.0
721,0.0
722,0.0
723,0.0
724,0.0
725,0.0
726,0.0
727,25.5059
728,109.459
729,183.046
730,235.714
731,237.665
732,250.242
733,259.662
734,203.866
735,145.87
736,51.2589
737,0.0
738,0.0
739,0.0
740,0.0
741,0.0
742,0.0
743,0.0
744,0.0
745,0.0
746,0.0
747,0.0
748,0.0
749,0.0
750,0.0
751,13.8199
752,33.4324
753,77.2044
754,114.174
755,37.2083
756,309.959
757,318.544
758,334.645
759,289.402
760,229.354
761,1.85557
762,0.0
763,0.0
764,0.0
765,0.0
766,0.0
767,0.0
768,0.0
769,0.0
770,0.0
771,0.0
772,0.0
773,0.0
774,0.0
775,93.4879
776,197.387
777,270.392
778,268.588
779,504.714
780,458.967
781,563.659
782,327.813
783,240.796
784,97.3054
785,0.0
786,0.0
787,0.0
788,0.0
789,0.0
790,0.0
791,0.0
792,0.0
793,0.0
794,0.0
795,0.0
796,0.0
797,0.0
798,0.0
799,114.478
800,299.936
801,485.146
802,606.049
803,681.144
804,687.451
805,658.68
806,545.833
807,402.372
808,219.751
809,0.0
810,0.0
811,0.0
812,0.0
813,0.0
814,0.0
815,0.0
816,0.0
817,0.0
818,0.0
819,0.0
820,0.0
821,0.0
822,0.0
823,61.5776
824,207.281
825,290.526
826,80.3514
827,348.796
828,612.215
829,292.731
830,345.745
831,462.682
832,243.057
833,1.36098
834,0.0
835,0.0
836,0.0
837,0.0
838,0.0
839,0.0
840,0.0
841,0.0
842,0.0
843,0.0
844,0.0
845,0.0
846,0.0
847,131.861
848,344.711
849,545.891
850,672.545
851,724.389
852,727.95
853,678.572
854,587.035
855,430.106
856,218.542
857,0.0
858,0.0
859,0.0
860,0.0
861,0.0
862,0.0
863,0.0
864,0.0
865,0.0
866,0.0
867,0.0
868,0.0
869,0.0
870,0.0
871,37.1445
872,125.973
873,175.814
874,277.312
875,319.686
876,287.804
877,241.662
878,193.793
879,119.847
880,47.3463
881,0.0
882,0.0
883,0.0
884,0.0
885,0.0
886,0.0
887,0.0
888,0.0
889,0.0
890,0.0
891,0.0
892,0.0
893,0.0
894,0.0
895,51.9845
896,202.09
897,319.403
898,324.085
899,262.786
900,229.9
901,239.778
902,172.523
903,103.926
904,41.2804
905,0.0
906,0.0
907,0.0
908,0.0
909,0.0
910,0.0
911,0.0
912,0.0
913,0.0
914,0.0
915,0.0
916,0.0
917,0.0
918,0.0
919,30.5332
920,70.8447
921,208.404
922,204.501
923,192.888
924,302.124
925,416.267
926,450.854
927,471.887
928,249.167
929,8.58739
930,0.0
931,0.0
932,0.0
933,0.0
934,0.0
935,0.0
936,0.0
937,0.0
938,0.0
939,0.0
940,0.0
941,0.0
942,0.0
943,36.7492
944,127.214
945,216.848
946,256.599
947,259.775
948,255.968
949,201.849
950,175.226
951,113.08
952,46.8102
953,0.0
954,0.0
955,0.0
956,0.0
957,0.0
958,0.0
959,0.0
960,0.0
961,0.0
962,0.0
963,0.0
964,0.0
965,0.0
966,0.0
967,26.4936
968,371.739
969,548.847
970,708.257
971,493.613
972,360.714
973,236.686
974,400.207
975,33.0062
976,65.0473
977,0.0
978,0.0
979,0.0
980,0.0
981,0.0
982,0.0
983,0.0
984,0.0
985,0.0
986,0.0
987,0.0
988,0.0
989,0.0
990,0.0
991,36.5648
992,123.758
993,210.606
994,313.249
995,326.837
996,272.828
997,239.121
998,180.019
999,107.239
1000,49.3083
1001,0.0
1002,0.0
1003,0.0
1004,0.0
1005,0.0
1006,0.0
1007,0.0
1008,0.0
1009,0.0
1010,0.0
1011,0.0
1012,0.0
1013,0.0
1014,0.0
1015,119.29
1016,321.934
1017,514.038
1018,613.268
1019,688.888
1020,724.985
1021,676.984
1022,606.447
1023,456.84
1024,242.446
1025,4.4982
1026,0.0
1027,0.0
1028,0.0
1029,0.0
1030,0.0
1031,0.0
1032,0.0
1033,0.0
1034,0.0
1035,0.0
1036,0.0
1037,0.0
1038,0.0
1039,94.5195
1040,301.816
1041,514.171
1042,604.061
1043,543.919
1044,633.062
1045,547.168
1046,486.2
1047,429.382
1048,248.111
1049,8.18235
1050,0.0
1051,0.0
1052,0.0
1053,0.0
1054,0.0
1055,0.0
1056,0.0
1057,0.0
1058,0.0
1059,0.0
1060,0.0
1061,0.0
1062,0.0
1063,128.373
1064,340.125
1065,542.267
1066,647.874
1067,700.799
1068,677.502
1069,638.747
1070,545.285
1071,395.157
1072,219.843
1073,3.89973
1074,0.0
1075,0.0
1076,0.0
1077,0.0
1078,0.0
1079,0.0
1080,0.0
1081,0.0
1082,0.0
1083,0.0
1084,0.0
1085,0.0
1086,0.0
1087,25.423
1088,55.9794
1089,98.0463
1090,145.883
1091,189.823
1092,190.985
1093,158.742
1094,145.668
1095,95.955
1096,47.3752
1097,0.0
1098,0.0
1099,0.0
1100,0.0
1101,0.0
1102,0.0
1103,0.0
1104,0.0
1105,0.0
1106,0.0
1107,0.0
1108,0.0
1109,0.0
1110,0.0
1111,124.529
1112,372.622
1113,499.752
1114,642.907
1115,670.901
1116,650.825
1117,583.568
1118,509.47
1119,395.497
1120,233.565
1121,5.22118
1122,0.0
1123,0.0
1124,0.0
1125,0.0
1126,0.0
1127,0.0
1128,0.0
1129,0.0
1130,0.0
1131,0.0
1132,0.0
1133,0.0
1134,0.0
1135,142.366
1136,430.499
1137,335.779
1138,293.067
1139,286.205
1140,188.114
1141,232.42
1142,360.932
1143,190.248
1144,64.4398
1145,0.0
1146,0.0
1147,0.0
1148,0.0
1149,0.0
1150,0.0
1151,0.0
1152,0.0
1153,0.0
1154,0.0
1155,0.0
1156,0.0
1157,0.0
1158,0.0
1159,126.532
1160,302.089
1161,481.093
1162,601.238
1163,655.164
1164,729.97
1165,605.04
1166,434.846
1167,250.494
1168,196.898
1169,6.97422
1170,0.0
1171,0.0
1172,0.0
1173,0.0
1174,0.0
1175,0.0
1176,0.0
1177,0.0
1178,0.0
1179,0.0
1180,0.0
1181,0.0
1182,0.0
1183,124.417
1184,292.178
1185,410.629
1186,493.814
1187,501.813
1188,636.326
1189,551.47
1190,456.98
1191,295.185
1192,173.629
1193,7.50262
1194,0.0
1195,0.0
1196,0.0
1197,0.0
1198,0.0
1199,0.0
1200,0.0
1201,0.0
1202,0.0
1203,0.0
1204,0.0
1205,0.0
1206,0.0
1207,150.362
1208,364.982
1209,533.099
1210,658.034
1211,724.549
1212,738.777
1213,699.826
1214,601.804
1215,467.178
1216,254.157
1217,9.6869
1218,0.0
1219,0.0
1220,0.0
1221,0.0
1222,0.0
1223,0.0
1224,0.0
1225,0.0
1226,0.0
1227,0.0
1228,0.0
1229,0.0
1230,0.0
1231,8.20576
1232,48.7817
1233,102.961
1234,136.208
1235,192.977
1236,196.866
1237,146.944
1238,127.296
1239,103.298
1240,53.5116
1241,0.0
1242,0.0
1243,0.0
1244,0.0
1245,0.0
1246,0.0
1247,0.0
1248,0.0
1249,0.0
1250,0.0
1251,0.0
1252,0.0
1253,0.0
1254,0.0
1255,7.43571
1256,29.2963
1257,48.7557
1258,66.5739
1259,80.7615
1260,83.1138
1261,76.6401
1262,57.1648
1263,33.7999
1264,15.9388
1265,0.0
1266,0.0
1267,0.0
1268,0.0
1269,0.0
1270,0.0
1271,0.0
1272,0.0
1273,0.0
1274,0.0
1275,0.0
1276,0.0
1277,0.0
1278,0.0
1279,147.067
1280,368.868
1281,567.052
1282,697.573
1283,759.903
1284,750.43
1285,713.549
1286,622.217
1287,465.318
1288,246.133
1289,10.5479
1290,0.0
1291,0.0
1292,0.0
1293,0.0
1294,0.0
1295,0.0
1296,0.0
1297,0.0
1298,0.0
1299,0.0
1300,0.0
1301,0.0
1302,0.0
1303,148.098
1304,359.822
1305,547.161
1306,639.594
1307,712.204
1308,730.744
1309,690.2
1310,574.108
1311,404.553
1312,209.089
1313,8.10397
1314,0.0
1315,0.0
1316,0.0
1317,0.0
1318,0.0
1319,0.0
1320,0.0
1321,0.0
1322,0.0
1323,0.0
1324,0.0
1325,0.0
1326,0.0
1327,160.137
1328,379.318
1329,565.151
1330,695.232
1331,763.049
1332,774.819
1333,731.755
1334,626.052
1335,473.813
1336,258.243
1337,13.6186
1338,0.0
1339,0.0
1340,0.0
1341,0.0
1342,0.0
1343,0.0
1344,0.0
1345,0.0
1346,0.0
1347,0.0
1348,0.0
1349,0.0
1350,0.0
1351,138.287
1352,352.578
1353,540.13
1354,646.087
1355,679.656
1356,671.735
1357,614.556
1358,525.769
1359,373.619
1360,189.441
1361,8.40899
1362,0.0
1363,0.0
1364,0.0
1365,0.0
1366,0.0
1367,0.0
1368,0.0
1369,0.0
1370,0.0
1371,0.0
1372,0.0
1373,0.0
1374,0.0
1375,154.147
1376,355.367
1377,537.045
1378,655.806
1379,717.74
1380,723.375
1381,687.785
1382,581.232
1383,442.152
1384,236.765
1385,12.7024
1386,0.0
1387,0.0
1388,0.0
1389,0.0
1390,0.0
1391,0.0
1392,0.0
1393,0.0
1394,0.0
1395,0.0
1396,0.0
1397,0.0
1398,0.0
1399,44.8657
1400,119.364
1401,203.958
1402,245.032
1403,297.348
1404,300.066
1405,257.917
1406,229.292
1407,157.533
1408,84.4361
1409,2.68631
1410,0.0
1411,0.0
1412,0.0
1413,0.0
1414,0.0
1415,0.0
1416,0.0
1417,0.0
1418,0.0
1419,0.0
1420,0.0
1421,0.0
1422,0.0
1423,77.6997
1424,55.7419
1425,30.5782
1426,345.68
1427,254.746
1428,257.614
1429,470.236
1430,412.729
1431,205.492
1432,178.915
1433,10.4856
1434,0.0
1435,0.0
1436,0.0
1437,0.0
1438,0.0
1439,0.0
1440,0.0
1441,0.0
1442,0.0
1443,0.0
1444,0.0
1445,0.0
1446,0.0
1447,139.764
1448,255.93
1449,538.154
1450,512.274
1451,578.104
1452,530.493
1453,554.59
1454,469.169
1455,291.396
1456,161.322
1457,3.48524
1458,0.0
1459,0.0
1460,0.0
1461,0.0
1462,0.0
1463,0.0
1464,0.0
1465,0.0
1466,0.0
1467,0.0
1468,0.0
1469,0.0
1470,0.0
1471,71.2264
1472,183.794
1473,279.69
1474,445.057
1475,345.584
1476,470.714
1477,549.517
1478,547.055
1479,439.383
1480,302.622
1481,34.055
1482,0.0
1483,0.0
1484,0.0
1485,0.0
1486,0.0
1487,0.0
1488,0.0
1489,0.0
1490,0.0
1491,0.0
1492,0.0
1493,0.0
1494,0.0
1495,19.0512
1496,51.9262
1497,85.1093
1498,107.888
1499,110.113
1500,112.636
1501,123.023
1502,99.1026
1503,61.4445
1504,35.1368
1505,0.517454
1506,0.0
1507,0.0
1508,0.0
1509,0.0
1510,0.0
1511,0.0
1512,0.0
1513,0.0
1514,0.0
1515,0.0
1516,0.0
1517,0.0
1518,0.0
1519,15.9462
1520,50.6075
1521,103.31
1522,164.733
1523,188.773
1524,171.152
1525,141.361
1526,124.141
1527,97.8678
1528,39.6955
1529,0.0
1530,0.0
1531,0.0
1532,0.0
1533,0.0
1534,0.0
1535,0.0
1536,0.0
1537,0.0
1538,0.0
1539,0.0
1540,0.0
1541,0.0
1542,0.0
1543,47.7084
1544,116.569
1545,201.06
1546,247.113
1547,282.918
1548,326.959
1549,294.608
1550,234.0
1551,180.571
1552,88.0033
1553,7.56309
1554,0.0
1555,0.0
1556,0.0
1557,0.0
1558,0.0
1559,0.0
1560,0.0
1561,0.0
1562,0.0
1563,0.0
1564,0.0
1565,0.0
1566,0.0
1567,180.73
1568,398.913
1569,574.241
1570,706.084
1571,767.398
1572,775.454
1573,718.06
1574,619.817
1575,460.545
1576,260.94
1577,68.4185
1578,0.0
1579,0.0
1580,0.0
1581,0.0
1582,0.0
1583,0.0
1584,0.0
1585,0.0
1586,0.0
1587,0.0
1588,0.0
1589,0.0
1590,0.0
1591,121.431
1592,273.153
1593,425.291
1594,473.932
1595,552.67
1596,630.712
1597,637.474
1598,519.44
1599,399.296
1600,274.408
1601,89.4714
1602,0.0
1603,0.0
1604,0.0
1605,0.0
1606,0.0
1607,0.0
1608,0.0
1609,0.0
1610,0.0
1611,0.0
1612,0.0
1613,0.0
1614,0.0
1615,116.406
1616,221.292
1617,417.048
1618,329.472
1619,343.521
1620,298.917
1621,334.156
1622,308.106
1623,437.755
1624,322.449
1625,71.6877
1626,0.0
1627,0.0
1628,0.0
1629,0.0
1630,0.0
1631,0.0
1632,0.0
1633,0.0
1634,0.0
1635,0.0
1636,0.0
1637,0.0
1638,0.653653
1639,196.538
1640,405.994
1641,579.813
1642,689.445
1643,750.133
1644,757.342
1645,717.194
1646,633.882
1647,498.54
1648,287.283
1649,77.7578
1650,0.0
1651,0.0
1652,0.0
1653,0.0
1654,0.0
1655,0.0
1656,0.0
1657,0.0
1658,0.0
1659,0.0
1660,0.0
1661,0.0
1662,0.0
1663,99.1734
1664,473.934
1665,618.664
1666,475.152
1667,409.045
1668,177.343
1669,177.123
1670,284.392
1671,229.205
1672,87.803
1673,13.1057
1674,0.0
1675,0.0
1676,0.0
1677,0.0
1678,0.0
1679,0.0
1680,0.0
1681,0.0
1682,0.0
1683,0.0
1684,0.0
1685,0.0
1686,0.0
1687,107.725
1688,216.959
1689,311.828
1690,441.434
1691,423.763
1692,498.154
1693,381.462
1694,406.088
1695,245.958
1696,150.624
1697,33.9905
1698,0.0
1699,0.0
1700,0.0
1701,0.0
1702,0.0
1703,0.0
1704,0.0
1705,0.0
1706,0.0
1707,0.0
1708,0.0
1709,0.0
1710,0.0
1711,78.4394
1712,308.78
1713,295.546
1714,387.357
1715,343.197
1716,380.056
1717,155.07
1718,401.687
1719,206.16
1720,14.5275
1721,27.7917
1722,0.0
1723,0.0
1724,0.0
1725,0.0
1726,0.0
1727,0.0
1728,0.0
1729,0.0
1730,0.0
1731,0.0
1732,0.0
1733,0.0
1734,0.0
1735,44.4462
1736,95.9272
1737,144.357
1738,183.664
1739,193.302
1740,218.437
1741,210.386
1742,188.295
1743,136.169
1744,71.0045
1745,16.1922
1746,0.0
1747,0.0
1748,0.0
1749,0.0
1750,0.0
1751,0.0
1752,0.0
1753,0.0
1754,0.0
1755,0.0
1756,0.0
1757,0.0
1758,4.54783
1759,186.531
1760,396.911
1761,566.364
1762,663.937
1763,721.34
1764,715.343
1765,678.875
1766,573.253
1767,410.831
1768,228.665
1769,60.2551
1770,0.0
1771,0.0
1772,0.0
1773,0.0
1774,0.0
1775,0.0
1776,0.0
1777,0.0
1778,0.0
1779,0.0
1780,0.0
1781,0.0
1782,6.14253
1783,190.86
1784,398.57
1785,559.509
1786,696.83
1787,748.685
1788,728.614
1789,661.511
1790,563.134
1791,415.628
1792,242.088
1793,65.091
1794,0.0
1795,0.0
1796,0.0
1797,0.0
1798,0.0
1799,0.0
1800,0.0
1801,0.0
1802,0.0
1803,0.0
1804,0.0
1805,0.0
1806,6.00448
1807,199.425
1808,398.508
1809,554.586
1810,673.099
1811,725.207
1812,734.999
1813,705.48
1814,605.709
1815,464.485
1816,274.255
1817,74.5368
1818,0.0
1819,0.0
1820,0.0
1821,0.0
1822,0.0
1823,0.0
1824,0.0
1825,0.0
1826,0.0
1827,0.0
1828,0.0
1829,0.0
1830,6.80196
1831,199.737
1832,412.182
1833,581.015
1834,679.69
1835,730.583
1836,730.117
1837,672.881
1838,583.23
1839,443.516
1840,260.807
1841,71.2559
1842,0.0
1843,0.0
1844,0.0
1845,0.0
1846,0.0
1847,0.0
1848,0.0
1849,0.0
1850,0.0
1851,0.0
1852,0.0
1853,0.0
1854,7.73578
1855,208.935
1856,425.782
1857,589.096
1858,683.045
1859,732.847
1860,744.735
1861,703.14
1862,614.261
1863,466.185
1864,271.604
1865,72.9479
1866,0.0
1867,0.0
1868,0.0
1869,0.0
1870,0.0
1871,0.0
1872,0.0
1873,0.0
1874,0.0
1875,0.0
1876,0.0
1877,0.0
1878,6.91422
1879,170.927
1880,277.561
1881,52.6117
1882,109.601
1883,321.942
1884,667.871
1885,424.606
1886,374.95
1887,144.909
1888,238.851
1889,88.5957
1890,0.0
1891,0.0
1892,0.0
1893,0.0
1894,0.0
1895,0.0
1896,0.0
1897,0.0
1898,0.0
1899,0.0
1900,0.0
1901,0.0
1902,3.686
1903,11.6854
1904,38.7958
1905,477.976
1906,304.999
1907,52.9325
1908,329.562
1909,432.879
1910,709.548
1911,267.592
1912,31.3895
1913,1.92178
1914,0.0
1915,0.0
1916,0.0
1917,0.0
1918,0.0
1919,0.0
1920,0.0
1921,0.0
1922,0.0
1923,0.0
1924,0.0
1925,0.0
1926,5.20398
1927,55.9817
1928,231.545
1929,160.259
1930,289.482
1931,298.342
1932,349.304
1933,588.832
1934,674.677
1935,428.422
1936,287.147
1937,53.4666
1938,0.0
1939,0.0
1940,0.0
1941,0.0
1942,0.0
1943,0.0
1944,0.0
1945,0.0
1946,0.0
1947,0.0
1948,0.0
1949,0.0
1950,1.23719
1951,27.3911
1952,26.6094
1953,103.488
1954,401.902
1955,273.949
1956,554.639
1957,546.435
1958,376.655
1959,244.099
1960,196.315
1961,92.7034
1962,0.0
1963,0.0
1964,0.0
1965,0.0
1966,0.0
1967,0.0
1968,0.0
1969,0.0
1970,0.0
1971,0.0
1972,0.0
1973,0.0
1974,13.3792
1975,205.69
1976,410.14
1977,576.742
1978,690.488
1979,749.813
1980,741.729
1981,690.439
1982,595.561
1983,454.1
1984,260.268
1985,69.488
1986,0.0
1987,0.0
1988,0.0
1989,0.0
1990,0.0
1991,0.0
1992,0.0
1993,0.0
1994,0.0
1995,0.0
1996,0.0
1997,0.0
1998,15.7213
1999,257.534
2000,473.639
2001,641.866
2002,779.909
2003,522.42
2004,441.975
2005,446.341
2006,426.685
2007,306.114
2008,153.19
2009,53.4714
2010,0.0
2011,0.0
2012,0.0
2013,0.0
2014,0.0
2015,0.0
2016,0.0
2017,0.0
2018,0.0
2019,0.0
2020,0.0
2021,0.0
2022,0.0
2023,103.092
2024,342.18
2025,634.584
2026,830.63
2027,595.458
2028,193.965
2029,300.851
2030,484.905
2031,30.5665
2032,16.7409
2033,2.71606
2034,0.0
2035,0.0
2036,0.0
2037,0.0
2038,0.0
2039,0.0
2040,0.0
2041,0.0
2042,0.0
2043,0.0
2044,0.0
2045,0.0
2046,0.0
2047,76.2095
2048,350.14
2049,650.065
2050,424.663
2051,206.878
2052,240.227
2053,490.403
2054,180.104
2055,188.304
2056,42.3496
2057,1.83241
2058,0.0
2059,0.0
2060,0.0
2061,0.0
2062,0.0
2063,0.0
2064,0.0
2065,0.0
2066,0.0
2067,0.0
2068,0.0
2069,0.0
2070,0.0
2071,146.696
2072,202.32
2073,323.031
2074,556.038
2075,373.167
2076,413.289
2077,325.491
2078,130.955
2079,31.0541
2080,16.4922
2081,2.61906
2082,0.0
2083,0.0
2084,0.0
2085,0.0
2086,0.0
2087,0.0
2088,0.0
2089,0.0
2090,0.0
2091,0.0
2092,0.0
2093,0.0
2094,43.8116
2095,220.569
2096,427.057
2097,586.528
2098,711.887
2099,750.727
2100,748.065
2101,707.1
2102,593.428
2103,446.959
2104,254.121
2105,69.7503
2106,0.0
2107,0.0
2108,0.0
2109,0.0
2110,0.0
2111,0.0
2112,0.0
2113,0.0
2114,0.0
2115,0.0
2116,0.0
2117,0.0
2118,0.416019
2119,13.0548
2120,27.2639
2121,39.9087
2122,48.5961
2123,53.3384
2124,481.411
2125,797.483
2126,687.194
2127,525.934
2128,222.707
2129,85.7256
2130,0.0
2131,0.0
2132,0.0
2133,0.0
2134,0.0
2135,0.0
2136,0.0
2137,0.0
2138,0.0
2139,0.0
2140,0.0
2141,0.0
2142,56.3916
2143,107.239
2144,187.758
2145,515.572
2146,477.729
2147,692.326
2148,200.949
2149,352.563
2150,152.741
2151,89.7293
2152,111.994
2153,28.6979
2154,0.0
2155,0.0
2156,0.0
2157,0.0
2158,0.0
2159,0.0
2160,0.0
2161,0.0
2162,0.0
2163,0.0
2164,0.0
2165,0.0
2166,37.9376
2167,122.111
2168,102.536
2169,38.8752
2170,119.794
2171,502.757
2172,460.863
2173,380.378
2174,358.589
2175,245.587
2176,125.467
2177,44.4478
2178,0.0
2179,0.0
2180,0.0
2181,0.0
2182,0.0
2183,0.0
2184,0.0
2185,0.0
2186,0.0
2187,0.0
2188,0.0
2189,0.0
2190,1.28888
2191,14.8899
2192,122.534
2193,291.567
2194,314.212
2195,157.985
2196,311.984
2197,330.953
2198,358.847
2199,342.02
2200,202.826
2201,3.50481
2202,0.0
2203,0.0
2204,0.0
2205,0.0
2206,0.0
2207,0.0
2208,0.0
2209,0.0
2210,0.0
2211,0.0
2212,0.0
2213,0.0
2214,57.872
2215,257.393
2216,439.388
2217,586.807
2218,716.699
2219,420.859
2220,483.297
2221,609.477
2222,545.284
2223,385.84
2224,211.801
2225,75.7782
2226,0.0
2227,0.0
2228,0.0
2229,0.0
2230,0.0
2231,0.0
2232,0.0
2233,0.0
2234,0.0
2235,0.0
2236,0.0
2237,0.0
2238,61.68
2239,300.022
2240,535.835
2241,664.517
2242,717.17
2243,375.858
2244,403.037
2245,382.139
2246,367.542
2247,305.582
2248,180.823
2249,54.1392
2250,0.0
2251,0.0
2252,0.0
2253,0.0
2254,0.0
2255,0.0
2256,0.0
2257,0.0
2258,0.0
2259,0.0
2260,0.0
2261,0.0
2262,56.0606
2263,271.487
2264,490.674
2265,648.995
2266,751.259
2267,806.561
2268,796.549
2269,743.772
2270,641.611
2271,491.225
2272,290.869
2273,74.0606
2274,0.0
2275,0.0
2276,0.0
2277,0.0
2278,0.0
2279,0.0
2280,0.0
2281,0.0
2282,0.0
2283,0.0
2284,0.0
2285,0.0
2286,52.1397
2287,211.905
2288,375.9
2289,503.892
2290,581.273
2291,621.763
2292,617.969
2293,564.957
2294,483.825
2295,359.941
2296,203.695
2297,63.7478
2298,0.0
2299,0.0
2300,0.0
2301,0.0
2302,0.0
2303,0.0
2304,0.0
2305,0.0
2306,0.0
2307,0.0
2308,0.0
2309,0.0
2310,51.2155
2311,215.863
2312,382.713
2313,510.874
2314,609.987
2315,667.192
2316,654.96
2317,604.799
2318,550.132
2319,420.941
2320,233.202
2321,66.5618
2322,0.0
2323,0.0
2324,0.0
2325,0.0
2326,0.0
2327,0.0
2328,0.0
2329,0.0
2330,0.0
2331,0.0
2332,0.0
2333,0.0
2334,52.1654
2335,203.032
2336,360.437
2337,484.739
2338,587.054
2339,630.743
2340,621.774
2341,570.966
2342,504.201
2343,331.589
2344,183.123
2345,56.8266
2346,0.0
2347,0.0
2348,0.0
2349,0.0
2350,0.0
2351,0.0
2352,0.0
2353,0.0
2354,0.0
2355,0.0
2356,0.0
2357,0.0
2358,57.2608
2359,249.611
2360,447.839
2361,603.647
2362,696.08
2363,753.359
2364,748.467
2365,697.242
2366,597.483
2367,443.679
2368,254.406
2369,67.9542
2370,0.0
2371,0.0
2372,0.0
2373,0.0
2374,0.0
2375,0.0
2376,0.0
2377,0.0
2378,0.0
2379,0.0
2380,0.0
2381,0.0
2382,53.2033
2383,186.541
2384,304.847
2385,441.734
2386,496.965
2387,530.091
2388,505.133
2389,472.043
2390,367.764
2391,264.862
2392,156.455
2393,51.8718
2394,0.0
2395,0.0
2396,0.0
2397,0.0
2398,0.0
2399,0.0
2400,0.0
2401,0.0
2402,0.0
2403,0.0
2404,0.0
2405,0.0
2406,59.1065
2407,228.479
2408,359.011
2409,471.471
2410,596.544
2411,647.482
2412,695.979
2413,634.365
2414,544.248
2415,405.153
2416,229.785
2417,62.5035
2418,0.0
2419,0.0
2420,0.0
2421,0.0
2422,0.0
2423,0.0
2424,0.0
2425,0.0
2426,0.0
2427,0.0
2428,0.0
2429,0.0
2430,63.0028
2431,282.739
2432,501.929
2433,668.833
2434,788.406
2435,480.565
2436,487.754
2437,441.646
2438,385.261
2439,290.49
2440,171.078
2441,60.0389
2442,0.0
2443,0.0
2444,0.0
2445,0.0
2446,0.0
2447,0.0
2448,0.0
2449,0.0
2450,0.0
2451,0.0
2452,0.0
2453,0.0
2454,45.4396
2455,84.4327
2456,34.3059
2457,47.0091
2458,265.154
2459,374.841
2460,577.941
2461,539.423
2462,651.661
2463,545.932
2464,273.505
2465,83.5069
2466,0.0
2467,0.0
2468,0.0
2469,0.0
2470,0.0
2471,0.0
2472,0.0
2473,0.0
2474,0.0
2475,0.0
2476,0.0
2477,0.0
2478,48.382
2479,149.607
2480,244.015
2481,348.212
2482,413.23
2483,452.953
2484,492.626
2485,436.038
2486,378.995
2487,299.747
2488,173.974
2489,58.3955
2490,0.0
2491,0.0
2492,0.0
2493,0.0
2494,0.0
2495,0.0
2496,0.0
2497,0.0
2498,0.0
2499,0.0
2500,0.0
2501,0.0
2502,40.9281
2503,120.974
2504,199.783
2505,283.532
2506,326.769
2507,334.626
2508,341.65
2509,314.663
2510,267.455
2511,199.706
2512,119.494
2513,43.3122
2514,0.0
2515,0.0
2516,0.0
2517,0.0
2518,0.0
2519,0.0
2520,0.0
2521,0.0
2522,0.0
2523,0.0
2524,0.0
2525,0.0
2526,55.0934
2527,170.941
2528,378.289
2529,331.043
2530,305.026
2531,332.049
2532,204.97
2533,55.4887
2534,57.2141
2535,54.2139
2536,45.6187
2537,26.1789
2538,0.0
2539,0.0
2540,0.0
2541,0.0
2542,0.0
2543,0.0
2544,0.0
2545,0.0
2546,0.0
2547,0.0
2548,0.0
2549,0.0
2550,5.1521
2551,107.152
2552,168.473
2553,186.789
2554,265.062
2555,120.946
2556,224.454
2557,261.754
2558,253.958
2559,174.981
2560,89.4735
2561,32.1453
2562,0.0
2563,0.0
2564,0.0
2565,0.0
2566,0.0
2567,0.0
2568,0.0
2569,0.0
2570,0.0
2571,0.0
2572,0.0
2573,0.0
2574,60.6296
2575,167.384
2576,273.192
2577,424.112
2578,589.56
2579,674.359
2580,673.796
2581,543.741
2582,464.266
2583,388.393
2584,248.24
2585,81.6291
2586,0.369217
2587,0.0
2588,0.0
2589,0.0
2590,0.0
2591,0.0
2592,0.0
2593,0.0
2594,0.0
2595,0.0
2596,0.0
2597,0.0
2598,71.7279
2599,207.828
2600,356.816
2601,480.474
2602,568.27
2603,600.802
2604,624.924
2605,576.018
2606,500.432
2607,360.377
2608,202.285
2609,66.4486
2610,0.0
2611,0.0
2612,0.0
2613,0.0
2614,0.0
2615,0.0
2616,0.0
2617,0.0
2618,0.0
2619,0.0
2620,0.0
2621,0.0
2622,69.8322
2623,269.472
2624,470.091
2625,619.187
2626,716.015
2627,768.787
2628,766.24
2629,710.753
2630,607.258
2631,453.795
2632,253.339
2633,66.5452
2634,0.0
2635,0.0
2636,0.0
2637,0.0
2638,0.0
2639,0.0
2640,0.0
2641,0.0
2642,0.0
2643,0.0
2644,0.0
2645,0.0
2646,72.8318
2647,253.053
2648,438.873
2649,595.376
2650,700.955
2651,735.704
2652,735.341
2653,689.289
2654,593.404
2655,442.726
2656,251.562
2657,67.2325
2658,0.0
2659,0.0
2660,0.0
2661,0.0
2662,0.0
2663,0.0
2664,0.0
2665,0.0
2666,0.0
2667,0.0
2668,0.0
2669,0.0
2670,71.6299
2671,261.991
2672,452.97
2673,595.738
2674,695.847
2675,734.005
2676,722.589
2677,661.802
2678,566.718
2679,417.644
2680,235.16
2681,66.2816
2682,0.0
2683,0.0
2684,0.0
2685,0.0
2686,0.0
2687,0.0
2688,0.0
2689,0.0
2690,0.0
2691,0.0
2692,0.0
2693,0.0
2694,71.7731
2695,260.611
2696,458.469
2697,620.369
2698,732.231
2699,780.748
2700,776.446
2701,716.675
2702,614.716
2703,454.23
2704,259.098
2705,72.5123
2706,0.0
2707,0.0
2708,0.0
2709,0.0
2710,0.0
2711,0.0
2712,0.0
2713,0.0
2714,0.0
2715,0.0
2716,0.0
2717,0.0
2718,72.0748
2719,251.758
2720,442.447
2721,576.421
2722,673.62
2723,730.891
2724,736.185
2725,690.974
2726,590.102
2727,438.097
2728,251.543
2729,69.3759
2730,0.0
2731,0.0
2732,0.0
2733,0.0
2734,0.0
2735,0.0
2736,0.0
2737,0.0
2738,0.0
2739,0.0
2740,0.0
2741,0.0
2742,75.8247
2743,245.711
2744,351.973
2745,532.675
2746,612.096
2747,594.526
2748,575.46
2749,571.631
2750,504.254
2751,377.246
2752,232.718
2753,67.4367
2754,0.0
2755,0.0
2756,0.0
2757,0.0
2758,0.0
2759,0.0
2760,0.0
2761,0.0
2762,0.0
2763,0.0
2764,0.0
2765,0.0
2766,54.3185
2767,141.595
2768,260.165
2769,432.603
2770,613.879
2771,618.877
2772,575.128
2773,618.43
2774,541.982
2775,401.427
2776,226.698
2777,66.4223
2778,0.0
2779,0.0
2780,0.0
2781,0.0
2782,0.0
2783,0.0
2784,0.0
2785,0.0
2786,0.0
2787,0.0
2788,0.0
2789,0.0
2790,66.7116
2791,175.182
2792,280.314
2793,398.28
2794,477.074
2795,477.111
2796,473.546
2797,456.679
2798,376.67
2799,263.606
2800,179.566
2801,63.0915
2802,0.0
2803,0.0
2804,0.0
2805,0.0
2806,0.0
2807,0.0
2808,0.0
2809,0.0
2810,0.0
2811,0.0
2812,0.0
2813,0.0
2814,69.6961
2815,163.119
2816,216.596
2817,316.736
2818,433.066
2819,262.181
2820,300.83
2821,402.716
2822,399.956
2823,301.698
2824,222.323
2825,76.1871
2826,1.08246
2827,0.0
2828,0.0
2829,0.0
2830,0.0
2831,0.0
2832,0.0
2833,0.0
2834,0.0
2835,0.0
2836,0.0
2837,2.01589
2838,79.6118
2839,195.56
2840,142.845
2841,102.365
2842,70.3384
2843,200.168
2844,293.436
2845,393.33
2846,257.037
2847,216.75
2848,203.645
2849,58.6556
2850,0.0
2851,0.0
2852,0.0
2853,0.0
2854,0.0
2855,0.0
2856,0.0
2857,0.0
2858,0.0
2859,0.0
2860,0.0
2861,0.0
2862,73.3148
2863,195.146
2864,437.101
2865,465.112
2866,453.228
2867,530.523
2868,524.849
2869,576.548
2870,610.5
2871,452.13
2872,259.525
2873,71.005
2874,1.17724
2875,0.0
2876,0.0
2877,0.0
2878,0.0
2879,0.0
2880,0.0
2881,0.0
2882,0.0
2883,0.0
2884,0.0
2885,0.0
2886,5.89948
2887,82.8812
2888,54.3438
2889,126.401
2890,299.014
2891,373.509
2892,382.369
2893,541.718
2894,434.952
2895,266.122
2896,105.277
2897,61.0679
2898,2.59176
2899,0.0
2900,0.0
2901,0.0
2902,0.0
2903,0.0
2904,0.0
2905,0.0
2906,0.0
2907,0.0
2908,0.0
2909,0.0
2910,73.0687
2911,160.437
2912,262.968
2913,346.583
2914,438.642
2915,442.563
2916,439.631
2917,398.707
2918,299.845
2919,231.936
2920,152.406
2921,60.7435
2922,0.0
2923,0.0
2924,0.0
2925,0.0
2926,0.0
2927,0.0
2928,0.0
2929,0.0
2930,0.0
2931,0.0
2932,0.0
2933,1.19206
2934,76.8009
2935,268.945
2936,451.07
2937,580.153
2938,673.669
2939,713.17
2940,708.097
2941,658.748
2942,557.226
2943,407.466
2944,236.573
2945,64.6149
2946,0.0
2947,0.0
2948,0.0
2949,0.0
2950,0.0
2951,0.0
2952,0.0
2953,0.0
2954,0.0
2955,0.0
2956,0.0
2957,0.0
2958,49.3295
2959,112.092
2960,175.342
2961,211.008
2962,261.338
2963,283.028
2964,258.476
2965,252.355
2966,216.365
2967,170.7
2968,105.47
2969,43.3803
2970,0.0
2971,0.0
2972,0.0
2973,0.0
2974,0.0
2975,0.0
2976,0.0
2977,0.0
2978,0.0
2979,0.0
2980,0.0
2981,1.98905
2982,77.016
2983,268.345
2984,450.288
2985,579.948
2986,664.354
2987,703.782
2988,705.846
2989,649.956
2990,564.477
2991,428.846
2992,248.217
2993,64.1037
2994,0.224531
2995,0.0
2996,0.0
2997,0.0
2998,0.0
2999,0.0
3000,0.0
3001,0.0
3002,0.0
3003,0.0
3004,0.0
3005,2.7473
3006,78.9181
3007,266.891
3008,451.443
3009,588.708
3010,673.519
3011,712.499
3012,713.804
3013,677.694
3014,580.685
3015,432.79
3016,245.93
3017,62.5756
3018,0.212823
3019,0.0
3020,0.0
3021,0.0
3022,0.0
3023,0.0
3024,0.0
3025,0.0
3026,0.0
3027,0.0
3028,0.0
3029,1.97551
3030,80.8244
3031,246.392
3032,436.118
3033,564.885
3034,637.326
3035,634.083
3036,628.731
3037,584.048
3038,508.917
3039,360.313
3040,206.134
3041,71.5736
3042,0.0
3043,0.0
3044,0.0
3045,0.0
3046,0.0
3047,0.0
3048,0.0
3049,0.0
3050,0.0
3051,0.0
3052,0.0
3053,0.0
3054,38.6732
3055,74.6102
3056,123.29
3057,163.089
3058,147.255
3059,144.459
3060,126.121
3061,119.653
3062,116.272
3063,80.2165
3064,48.1033
3065,16.538
3066,0.0
3067,0.0
3068,0.0
3069,0.0
3070,0.0
3071,0.0
3072,0.0
3073,0.0
3074,0.0
3075,0.0
3076,0.0
3077,4.38576
3078,86.3072
3079,231.742
3080,417.203
3081,503.319
3082,600.876
3083,611.318
3084,648.256
3085,565.332
3086,473.022
3087,324.967
3088,204.584
3089,80.7886
3090,0.0
3091,0.0
3092,0.0
3093,0.0
3094,0.0
3095,0.0
3096,0.0
3097,0.0
3098,0.0
3099,0.0
3100,0.0
3101,6.02425
3102,98.6627
3103,225.073
3104,316.745
3105,465.458
3106,561.384
3107,557.654
3108,493.802
3109,438.78
3110,457.046
3111,313.14
3112,140.255
3113,69.5612
3114,0.342425
3115,0.0
3116,0.0
3117,0.0
3118,0.0
3119,0.0
3120,0.0
3121,0.0
3122,0.0
3123,0.0
3124,0.0
3125,1.17574
3126,89.6903
3127,276.662
3128,488.971
3129,588.473
3130,686.404
3131,389.617
3132,292.168
3133,204.987
3134,189.471
3135,157.645
3136,144.379
3137,73.7906
3138,0.0
3139,0.0
3140,0.0
3141,0.0
3142,0.0
3143,0.0
3144,0.0
3145,0.0
3146,0.0
3147,0.0
3148,0.0
3149,6.06865
3150,83.6199
3151,260.953
3152,427.335
3153,562.535
3154,624.436
3155,675.776
3156,654.915
3157,616.902
3158,532.838
3159,401.137
3160,238.302
3161,73.8465
3162,1.93333
3163,0.0
3164,0.0
3165,0.0
3166,0.0
3167,0.0
3168,0.0
3169,0.0
3170,0.0
3171,0.0
3172,0.0
3173,0.360985
3174,45.4458
3175,121.762
3176,141.934
3177,230.068
3178,119.87
3179,229.426
3180,290.666
3181,237.498
3182,250.57
3183,174.327
3184,109.289
3185,37.1018
3186,0.0
3187,0.0
3188,0.0
3189,0.0
3190,0.0
3191,0.0
3192,0.0
3193,0.0
3194,0.0
3195,0.0
3196,0.0
3197,5.96463
3198,85.4345
3199,243.858
3200,409.568
3201,545.253
3202,624.417
3203,690.519
3204,676.336
3205,639.216
3206,529.841
3207,419.737
3208,244.901
3209,68.3858
3210,3.3904
3211,0.0
3212,0.0
3213,0.0
3214,0.0
3215,0.0
3216,0.0
3217,0.0
3218,0.0
3219,0.0
3220,0.0
3221,6.67494
3222,83.728
3223,262.072
3224,432.488
3225,575.957
3226,656.278
3227,694.918
3228,688.573
3229,651.196
3230,553.625
3231,413.433
3232,239.268
3233,67.2301
3234,3.25438
3235,0.0
3236,0.0
3237,0.0
3238,0.0
3239,0.0
3240,0.0
3241,0.0
3242,0.0
3243,0.0
3244,0.0
3245,5.88278
3246,84.7284
3247,250.465
3248,418.617
3249,562.225
3250,652.069
3251,705.305
3252,700.92
3253,652.396
3254,545.749
3255,398.277
3256,226.115
3257,71.6861
3258,3.31641
3259,0.0
3260,0.0
3261,0.0
3262,0.0
3263,0.0
3264,0.0
3265,0.0
3266,0.0
3267,0.0
3268,0.0
3269,5.89261
3270,95.2623
3271,233.027
3272,386.12
3273,536.851
3274,634.659
3275,682.711
3276,680.79
3277,633.84
3278,517.412
3279,397.83
3280,225.434
3281,74.7962
3282,3.29448
3283,0.0
3284,0.0
3285,0.0
3286,0.0
3287,0.0
3288,0.0
3289,0.0
3290,0.0
3291,0.0
3292,0.0
3293,7.55473
3294,101.159
3295,274.968
3296,465.612
3297,610.156
3298,704.926
3299,754.125
3300,751.852
3301,704.14
3302,597.65
3303,443.985
3304,253.053
3305,65.7091
3306,4.10058
3307,0.0
3308,0.0
3309,0.0
3310,0.0
3311,0.0
3312,0.0
3313,0.0
3314,0.0
3315,0.0
3316,0.0
3317,8.22043
3318,90.0696
3319,213.964
3320,343.995
3321,477.225
3322,536.896
3323,619.435
3324,646.734
3325,611.889
3326,501.375
3327,374.878
3328,214.246
3329,69.2239
3330,4.80104
3331,0.0
3332,0.0
3333,0.0
3334,0.0
3335,0.0
3336,0.0
3337,0.0
3338,0.0
3339,0.0
3340,0.0
3341,0.0
3342,69.0039
3343,44.7374
3344,85.7395
3345,49.4527
3346,112.378
3347,468.647
3348,375.664
3349,451.527
3350,407.272
3351,344.41
3352,251.558
3353,71.3509
3354,12.2722
3355,0.0
3356,0.0
3357,0.0
3358,0.0
3359,0.0
3360,0.0
3361,0.0
3362,0.0
3363,0.0
3364,0.0
3365,16.7957
3366,102.55
3367,292.909
3368,495.751
3369,542.339
3370,337.768
3371,57.0181
3372,105.816
3373,53.76
3374,502.314
3375,238.634
3376,205.656
3377,74.3513
3378,13.162
3379,0.0
3380,0.0
3381,0.0
3382,0.0
3383,0.0
3384,0.0
3385,0.0
3386,0.0
3387,0.0
3388,0.0
3389,9.63829
3390,99.6929
3391,259.849
3392,444.456
3393,606.255
3394,753.706
3395,442.293
3396,273.344
3397,285.77
3398,241.817
3399,166.495
3400,68.3341
3401,39.8223
3402,0.0
3403,0.0
3404,0.0
3405,0.0
3406,0.0
3407,0.0
3408,0.0
3409,0.0
3410,0.0
3411,0.0
3412,0.0
3413,2.67258
3414,93.0679
3415,266.777
3416,425.054
3417,542.537
3418,691.622
3419,415.067
3420,353.943
3421,377.731
3422,465.206
3423,347.424
3424,244.357
3425,80.0936
3426,10.8588
3427,0.0
3428,0.0
3429,0.0
3430,0.0
3431,0.0
3432,0.0
3433,0.0
3434,0.0
3435,0.0
3436,0.0
3437,10.465
3438,105.71
3439,303.386
3440,525.146
3441,695.79
3442,780.989
3443,418.373
3444,369.863
3445,345.137
3446,254.567
3447,178.591
3448,130.311
3449,63.2881
3450,1.79109
3451,0.0
3452,0.0
3453,0.0
3454,0.0
3455,0.0
3456,0.0
3457,0.0
3458,0.0
3459,0.0
3460,0.0
3461,5.73668
3462,62.0693
3463,130.068
3464,199.79
3465,251.752
3466,277.945
3467,325.072
3468,317.321
3469,261.299
3470,231.383
3471,219.8
3472,131.025
3473,61.4541
3474,0.0
3475,0.0
3476,0.0
3477,0.0
3478,0.0
3479,0.0
3480,0.0
3481,0.0
3482,0.0
3483,0.0
3484,0.0
3485,6.50911
3486,84.7382
3487,119.505
3488,108.853
3489,314.767
3490,320.895
3491,515.672
3492,482.903
3493,61.4707
3494,455.939
3495,263.263
3496,190.596
3497,83.8509
3498,9.30984
3499,0.0
3500,0.0
3501,0.0
3502,0.0
3503,0.0
3504,0.0
3505,0.0
3506,0.0
3507,0.0
3508,0.0
3509,10.4656
3510,100.679
3511,271.358
3512,455.152
3513,595.877
3514,686.499
3515,722.12
3516,727.916
3517,676.493
3518,579.494
3519,432.711
3520,249.556
3521,67.1417
3522,6.21216
3523,0.0
3524,0.0
3525,0.0
3526,0.0
3527,0.0
3528,0.0
3529,0.0
3530,0.0
3531,0.0
3532,0.0
3533,12.6748
3534,81.8987
3535,202.28
3536,288.106
3537,413.678
3538,615.881
3539,600.412
3540,598.774
3541,554.635
3542,459.746
3543,293.044
3544,219.721
3545,83.6712
3546,5.46137
3547,0.0
3548,0.0
3549,0.0
3550,0.0
3551,0.0
3552,0.0
3553,0.0
3554,0.0
3555,0.0
3556,0.0
3557,1.10602
3558,56.8337
3559,143.804
3560,141.56
3561,171.68
3562,150.588
3563,162.005
3564,129.156
3565,198.221
3566,245.523
3567,192.911
3568,170.987
3569,79.4409
3570,7.85055
3571,0.0
3572,0.0
3573,0.0
3574,0.0
3575,0.0
3576,0.0
3577,0.0
3578,0.0
3579,0.0
3580,0.0
3581,15.0746
3582,88.8308
3583,270.688
3584,402.346
3585,447.552
3586,451.29
3587,436.801
3588,397.472
3589,414.544
3590,461.402
3591,331.681
3592,199.147
3593,75.0016
3594,0.998466
3595,0.0
3596,0.0
3597,0.0
3598,0.0
3599,0.0
3600,0.0
3601,0.0
3602,0.0
3603,0.0
3604,0.0
3605,11.3266
3606,95.7798
3607,251.313
3608,413.074
3609,541.695
3610,634.314
3611,659.688
3612,660.766
3613,603.191
3614,518.778
3615,390.746
3616,238.69
3617,86.5171
3618,8.56845
3619,0.0
3620,0.0
3621,0.0
3622,0.0
3623,0.0
3624,0.0
3625,0.0
3626,0.0
3627,0.0
3628,0.0
3629,12.0745
3630,95.1272
3631,253.607
3632,419.096
3633,562.741
3634,642.262
3635,676.939
3636,670.825
3637,621.525
3638,530.373
3639,400.258
3640,235.398
3641,87.1374
3642,9.35545
3643,0.0
3644,0.0
3645,0.0
3646,0.0
3647,0.0
3648,0.0
3649,0.0
3650,0.0
3651,0.0
3652,0.0
3653,7.35348
3654,89.2398
3655,238.795
3656,386.274
3657,558.966
3658,579.218
3659,554.09
3660,529.468
3661,471.897
3662,443.519
3663,374.987
3664,244.04
3665,86.8898
3666,9.33897
3667,0.0
3668,0.0
3669,0.0
3670,0.0
3671,0.0
3672,0.0
3673,0.0
3674,0.0
3675,0.0
3676,0.0
3677,12.8719
3678,99.5762
3679,261.26
3680,439.149
3681,578.797
3682,674.65
3683,718.233
3684,713.124
3685,662.198
3686,561.24
3687,426.856
3688,247.332
3689,91.1951
3690,10.8497
3691,0.0
3692,0.0
3693,0.0
3694,0.0
3695,0.0
3696,0.0
3697,0.0
3698,0.0
3699,0.0
3700,0.0
3701,12.9054
3702,99.5151
3703,265.663
3704,451.057
3705,592.274
3706,685.456
3707,727.678
3708,725.568
3709,679.055
3710,586.069
3711,439.464
3712,253.548
3713,93.6395
3714,10.2311
3715,0.0
3716,0.0
3717,0.0
3718,0.0
3719,0.0
3720,0.0
3721,0.0
3722,0.0
3723,0.0
3724,0.0
3725,7.35711
3726,82.6117
3727,202.159
3728,330.243
3729,400.006
3730,451.873
3731,439.791
3732,442.941
3733,550.977
3734,522.271
3735,398.837
3736,267.007
3737,92.8793
3738,15.902
3739,0.0
3740,0.0
3741,0.0
3742,0.0
3743,0.0
3744,0.0
3745,0.0
3746,0.0
3747,0.0
3748,0.0
3749,0.0
3750,82.6012
3751,215.137
3752,406.207
3753,491.753
3754,499.524
3755,533.141
3756,127.795
3757,245.822
3758,40.729
3759,167.886
3760,206.192
3761,95.1931
3762,17.7597
3763,0.0
3764,0.0
3765,0.0
3766,0.0
3767,0.0
3768,0.0
3769,0.0
3770,0.0
3771,0.0
3772,0.0
3773,12.9175
3774,95.1737
3775,241.949
3776,397.304
3777,532.592
3778,604.801
3779,662.858
3780,665.859
3781,619.437
3782,529.559
3783,383.455
3784,229.755
3785,91.0642
3786,10.1691
3787,0.0
3788,0.0
3789,0.0
3790,0.0
3791,0.0
3792,0.0
3793,0.0
3794,0.0
3795,0.0
3796,0.0
3797,12.9509
3798,98.311
3799,263.172
3800,444.867
3801,581.191
3802,673.896
3803,712.907
3804,714.458
3805,667.234
3806,569.253
3807,432.641
3808,256.286
3809,95.0647
3810,11.8152
3811,0.0
3812,0.0
3813,0.0
3814,0.0
3815,0.0
3816,0.0
3817,0.0
3818,0.0
3819,0.0
3820,0.0
3821,2.66819
3822,78.5306
3823,193.213
3824,258.414
3825,292.824
3826,319.401
3827,324.973
3828,303.332
3829,408.048
3830,134.89
3831,103.079
3832,59.1007
3833,29.5595
3834,0.0
3835,0.0
3836,0.0
3837,0.0
3838,0.0
3839,0.0
3840,0.0
3841,0.0
3842,0.0
3843,0.0
3844,0.0
3845,13.6688
3846,92.8684
3847,251.157
3848,420.689
3849,566.141
3850,656.492
3851,680.072
3852,684.044
3853,623.095
3854,530.738
3855,397.871
3856,239.516
3857,91.8514
3858,12.4518
3859,0.0
3860,0.0
3861,0.0
3862,0.0
3863,0.0
3864,0.0
3865,0.0
3866,0.0
3867,0.0
3868,0.0
3869,15.6387
3870,86.9964
3871,204.051
3872,274.727
3873,355.162
3874,291.144
3875,214.775
3876,206.351
3877,144.77
3878,288.365
3879,320.964
3880,239.094
3881,96.2207
3882,18.3557
3883,0.0
3884,0.0
3885,0.0
3886,0.0
3887,0.0
3888,0.0
3889,0.0
3890,0.0
3891,0.0
3892,0.0
3893,12.7919
3894,91.0794
3895,222.912
3896,352.284
3897,512.908
3898,570.115
3899,599.425
3900,630.917
3901,547.595
3902,450.616
3903,321.737
3904,217.2
3905,86.9949
3906,10.8537
3907,0.0
3908,0.0
3909,0.0
3910,0.0
3911,0.0
3912,0.0
3913,0.0
3914,0.0
3915,0.0
3916,0.0
3917,11.2019
3918,95.6393
3919,268.049
3920,456.307
3921,560.812
3922,647.653
3923,429.741
3924,380.48
3925,375.054
3926,317.656
3927,219.84
3928,176.628
3929,82.6347
3930,4.77271
3931,0.0
3932,0.0
3933,0.0
3934,0.0
3935,0.0
3936,0.0
3937,0.0
3938,0.0
3939,0.0
3940,0.0
3941,16.4074
3942,102.204
3943,253.776
3944,412.607
3945,542.216
3946,668.178
3947,488.799
3948,523.268
3949,456.155
3950,403.931
3951,278.174
3952,198.156
3953,85.8411
3954,7.8199
3955,0.0
3956,0.0
3957,0.0
3958,0.0
3959,0.0
3960,0.0
3961,0.0
3962,0.0
3963,0.0
3964,0.0
3965,3.46076
3966,47.8746
3967,32.0079
3968,38.2503
3969,124.942
3970,271.51
3971,360.573
3972,473.664
3973,289.241
3974,337.929
3975,264.206
3976,239.316
3977,80.9
3978,7.09354
3979,0.0
3980,0.0
3981,0.0
3982,0.0
3983,0.0
3984,0.0
3985,0.0
3986,0.0
3987,0.0
3988,0.0
3989,8.85465
3990,101.759
3991,210.886
3992,342.34
3993,303.623
3994,366.778
3995,408.881
3996,484.6
3997,631.06
3998,557.277
3999,381.327
4000,202.149
4001,84.3944
4002,1.71262
4003,0.0
4004,0.0
4005,0.0
4006,0.0
4007,0.0
4008,0.0
4009,0.0
4010,0.0
4011,0.0
4012,0.0
4013,12.9464
4014,89.4503
4015,237.655
4016,390.167
4017,516.072
4018,600.95
4019,643.844
4020,642.057
4021,583.527
4022,508.368
4023,398.15
4024,245.574
4025,95.5683
4026,15.5064
4027,0.0
4028,0.0
4029,0.0
4030,0.0
4031,0.0
4032,0.0
4033,0.0
4034,0.0
4035,0.0
4036,0.0
4037,9.66878
4038,85.5009
4039,198.417
4040,284.509
4041,392.108
4042,504.879
4043,621.705
4044,686.289
4045,583.67
4046,457.992
4047,356.726
4048,240.044
4049,99.9491
4050,13.8164
4051,0.0
4052,0.0
4053,0.0
4054,0.0
4055,0.0
4056,0.0
4057,0.0
4058,0.0
4059,0.0
4060,0.0
4061,10.2602
4062,92.1669
4063,224.013
4064,305.316
4065,389.302
4066,504.706
4067,527.888
4068,554.929
4069,495.726
4070,419.023
4071,288.926
4072,200.392
4073,85.5247
4074,5.40829
4075,0.0
4076,0.0
4077,0.0
4078,0.0
4079,0.0
4080,0.0
4081,0.0
4082,0.0
4083,0.0
4084,0.0
4085,13.2423
4086,79.3868
4087,80.2862
4088,137.143
4089,285.978
4090,601.602
4091,725.427
4092,480.112
4093,241.88
4094,107.702
4095,32.506
4096,20.5315
4097,8.48794
4098,0.0
4099,0.0
4100,0.0
4101,0.0
4102,0.0
4103,0.0
4104,0.0
4105,0.0
4106,0.0
4107,0.0
4108,0.0
4109,11.821
4110,86.6843
4111,217.833
4112,371.624
4113,527.025
4114,670.18
4115,436.074
4116,431.257
4117,401.495
4118,350.755
4119,267.462
4120,182.693
4121,78.0185
4122,19.5971
4123,0.0
4124,0.0
4125,0.0
4126,0.0
4127,0.0
4128,0.0
4129,0.0
4130,0.0
4131,0.0
4132,0.0
4133,4.85023
4134,63.2553
4135,112.188
4136,198.911
4137,368.311
4138,437.475
4139,437.551
4140,295.001
4141,297.511
4142,214.597
4143,34.0345
4144,107.546
4145,28.1018
4146,5.49956
4147,0.0
4148,0.0
4149,0.0
4150,0.0
4151,0.0
4152,0.0
4153,0.0
4154,0.0
4155,0.0
4156,0.0
4157,0.0
4158,41.3797
4159,75.6113
4160,92.0921
4161,140.515
4162,142.158
4163,180.26
4164,221.119
4165,219.368
4166,153.997
4167,154.257
4168,84.8472
4169,50.3009
4170,10.0586
4171,0.0
4172,0.0
4173,0.0
4174,0.0
4175,0.0
4176,0.0
4177,0.0
4178,0.0
4179,0.0
4180,0.0
4181,0.0
4182,93.1966
4183,30.7841
4184,277.962
4185,489.068
4186,677.665
4187,508.419
4188,200.302
4189,191.52
4190,105.758
4191,178.45
4192,22.9024
4193,86.1221
4194,0.0
4195,0.0
4196,0.0
4197,0.0
4198,0.0
4199,0.0
4200,0.0
4201,0.0
4202,0.0
4203,0.0
4204,0.0
4205,8.8033
4206,81.2705
4207,209.235
4208,327.969
4209,431.759
4210,528.766
4211,535.45
4212,596.368
4213,573.869
4214,510.989
4215,397.769
4216,254.968
4217,84.3003
4218,16.6012
4219,0.0
4220,0.0
4221,0.0
4222,0.0
4223,0.0
4224,0.0
4225,0.0
4226,0.0
4227,0.0
4228,0.0
4229,7.32643
4230,82.0323
4231,220.037
4232,340.719
4233,468.797
4234,458.416
4235,499.319
4236,491.652
4237,464.444
4238,485.232
4239,423.628
4240,257.815
4241,92.0952
4242,20.9425
4243,0.0
4244,0.0
4245,0.0
4246,0.0
4247,0.0
4248,0.0
4249,0.0
4250,0.0
4251,0.0
4252,0.0
4253,7.33187
4254,91.9301
4255,193.422
4256,311.137
4257,381.303
4258,499.967
4259,385.243
4260,579.132
4261,396.661
4262,271.912
4263,137.226
4264,29.0732
4265,46.5626
4266,6.36339
4267,0.0
4268,0.0
4269,0.0
4270,0.0
4271,0.0
4272,0.0
4273,0.0
4274,0.0
4275,0.0
4276,0.0
4277,5.7094
4278,69.0307
4279,198.502
4280,267.829
4281,362.643
4282,507.297
4283,444.238
4284,395.756
4285,372.76
4286,352.036
4287,222.284
4288,128.11
4289,44.0313
4290,0.0
4291,0.0
4292,0.0
4293,0.0
4294,0.0
4295,0.0
4296,0.0
4297,0.0
4298,0.0
4299,0.0
4300,0.0
4301,5.77346
4302,85.6813
4303,228.33
4304,337.875
4305,403.577
4306,514.271
4307,681.442
4308,628.753
4309,544.428
4310,498.786
4311,398.299
4312,232.109
4313,97.1592
4314,24.8569
4315,0.0
4316,0.0
4317,0.0
4318,0.0
4319,0.0
4320,0.0
4321,0.0
4322,0.0
4323,0.0
4324,0.0
4325,9.73185
4326,84.1935
4327,232.484
4328,409.833
4329,558.4
4330,658.862
4331,710.091
4332,712.558
4333,658.804
4334,562.893
4335,424.157
4336,254.007
4337,88.714
4338,18.2727
4339,0.0
4340,0.0
4341,0.0
4342,0.0
4343,0.0
4344,0.0
4345,0.0
4346,0.0
4347,0.0
4348,0.0
4349,9.65958
4350,82.4192
4351,234.497
4352,408.643
4353,547.536
4354,640.246
4355,697.672
4356,703.651
4357,654.065
4358,563.855
4359,431.074
4360,262.366
4361,92.8766
4362,21.4032
4363,0.0
4364,0.0
4365,0.0
4366,0.0
4367,0.0
4368,0.0
4369,0.0
4370,0.0
4371,0.0
4372,0.0
4373,8.86117
4374,82.2318
4375,229.287
4376,398.978
4377,529.924
4378,619.645
4379,665.011
4380,662.003
4381,617.257
4382,541.988
4383,417.832
4384,254.665
4385,86.6435
4386,17.424
4387,0.0
4388,0.0
4389,0.0
4390,0.0
4391,0.0
4392,0.0
4393,0.0
4394,0.0
4395,0.0
4396,0.0
4397,0.0
4398,44.313
4399,97.7958
4400,161.006
4401,217.269
4402,204.113
4403,367.726
4404,333.769
4405,374.442
4406,290.498
4407,215.648
4408,141.89
4409,60.3361
4410,14.6557
4411,0.0
4412,0.0
4413,0.0
4414,0.0
4415,0.0
4416,0.0
4417,0.0
4418,0.0
4419,0.0
4420,0.0
4421,0.314656
4422,62.0422
4423,111.324
4424,198.543
4425,302.968
4426,434.312
4427,265.274
4428,230.509
4429,284.862
4430,249.888
4431,185.069
4432,130.772
4433,44.8062
4434,20.263
4435,0.0
4436,0.0
4437,0.0
4438,0.0
4439,0.0
4440,0.0
4441,0.0
4442,0.0
4443,0.0
4444,0.0
4445,14.1048
4446,77.717
4447,137.626
4448,326.823
4449,242.371
4450,353.038
4451,526.062
4452,275.397
4453,265.92
4454,361.413
4455,453.809
4456,231.949
4457,100.305
4458,22.22
4459,0.0
4460,0.0
4461,0.0
4462,0.0
4463,0.0
4464,0.0
4465,0.0
4466,0.0
4467,0.0
4468,0.0
4469,2.63298
4470,9.63156
4471,82.8347
4472,157.238
4473,214.727
4474,358.636
4475,373.602
4476,537.151
4477,415.218
4478,421.128
4479,460.43
4480,326.988
4481,101.971
4482,24.1887
4483,0.0
4484,0.0
4485,0.0
4486,0.0
4487,0.0
4488,0.0
4489,0.0
4490,0.0
4491,0.0
4492,0.0
4493,8.08583
4494,83.0178
4495,204.469
4496,312.744
4497,396.605
4498,526.465
4499,565.405
4500,458.425
4501,426.783
4502,514.713
4503,373.005
4504,276.486
4505,86.8918
4506,16.0105
4507,0.0
4508,0.0
4509,0.0
4510,0.0
4511,0.0
4512,0.0
4513,0.0
4514,0.0
4515,0.0
4516,0.0
4517,4.19416
4518,78.2765
4519,207.589
4520,323.221
4521,428.374
4522,479.408
4523,630.879
4524,690.425
4525,573.424
4526,420.454
4527,294.701
4528,208.198
4529,91.7286
4530,16.0572
4531,0.0
4532,0.0
4533,0.0
4534,0.0
4535,0.0
4536,0.0
4537,0.0
4538,0.0
4539,0.0
4540,0.0
4541,6.47075
4542,63.7438
4543,226.142
4544,393.806
4545,527.04
4546,621.378
4547,664.54
4548,660.161
4549,621.716
4550,530.893
4551,400.928
4552,248.258
4553,91.0407
4554,15.8125
4555,0.0
4556,0.0
4557,0.0
4558,0.0
4559,0.0
4560,0.0
4561,0.0
4562,0.0
4563,0.0
4564,0.0
4565,6.50575
4566,61.7203
4567,229.117
4568,402.522
4569,538.145
4570,628.508
4571,661.609
4572,675.454
4573,634.089
4574,548.466
4575,420.723
4576,258.217
4577,92.3431
4578,16.7487
4579,0.0
4580,0.0
4581,0.0
4582,0.0
4583,0.0
4584,0.0
4585,0.0
4586,0.0
4587,0.0
4588,0.0
4589,3.40616
4590,81.9711
4591,200.065
4592,325.535
4593,410.467
4594,506.712
4595,580.447
4596,548.328
4597,506.94
4598,494.979
4599,406.106
4600,253.795
4601,93.1152
4602,20.8219
4603,0.0
4604,0.0
4605,0.0
4606,0.0
4607,0.0
4608,0.0
4609,0.0
4610,0.0
4611,0.0
4612,0.0
4613,5.74158
4614,69.6226
4615,220.945
4616,374.038
4617,521.956
4618,641.411
4619,412.974
4620,370.168
4621,338.774
4622,336.381
4623,272.959
4624,191.764
4625,90.7096
4626,16.7048
4627,0.0
4628,0.0
4629,0.0
4630,0.0
4631,0.0
4632,0.0
4633,0.0
4634,0.0
4635,0.0
4636,0.0
4637,2.64241
4638,75.493
4639,169.461
4640,298.395
4641,422.013
4642,474.73
4643,520.317
4644,509.518
4645,595.26
4646,565.429
4647,425.065
4648,279.143
4649,111.313
4650,18.7063
4651,0.0
4652,0.0
4653,0.0
4654,0.0
4655,0.0
4656,0.0
4657,0.0
4658,0.0
4659,0.0
4660,0.0
4661,5.00103
4662,64.0132
4663,227.003
4664,401.01
4665,546.35
4666,644.357
4667,680.586
4668,687.448
4669,645.778
4670,554.716
4671,428.186
4672,263.743
4673,105.398
4674,15.4799
4675,0.0
4676,0.0
4677,0.0
4678,0.0
4679,0.0
4680,0.0
4681,0.0
4682,0.0
4683,0.0
4684,0.0
4685,0.0
4686,53.2077
4687,133.039
4688,224.846
4689,257.349
4690,272.534
4691,265.798
4692,256.955
4693,91.4363
4694,138.233
4695,112.863
4696,61.9239
4697,9.46597
4698,1.03889
4699,0.0
4700,0.0
4701,0.0
4702,0.0
4703,0.0
4704,0.0
4705,0.0
4706,0.0
4707,0.0
4708,0.0
4709,0.0
4710,62.941
4711,223.308
4712,445.859
4713,479.224
4714,555.698
4715,629.251
4716,625.283
4717,539.183
4718,43.2148
4719,33.7432
4720,21.598
4721,9.41502
4722,0.0
4723,0.0
4724,0.0
4725,0.0
4726,0.0
4727,0.0
4728,0.0
4729,0.0
4730,0.0
4731,0.0
4732,0.0
4733,0.0
4734,66.0758
4735,214.505
4736,359.11
4737,574.828
4738,455.522
4739,519.794
4740,405.384
4741,425.942
4742,253.514
4743,231.033
4744,21.3318
4745,8.58902
4746,0.0
4747,0.0
4748,0.0
4749,0.0
4750,0.0
4751,0.0
4752,0.0
4753,0.0
4754,0.0
4755,0.0
4756,0.0
4757,10.2417
4758,80.2952
4759,97.5258
4760,208.238
4761,600.456
4762,472.915
4763,706.514
4764,503.39
4765,51.8772
4766,44.7119
4767,34.9332
4768,22.1259
4769,9.27901
4770,0.0
4771,0.0
4772,0.0
4773,0.0
4774,0.0
4775,0.0
4776,0.0
4777,0.0
4778,0.0
4779,0.0
4780,0.0
4781,0.0
4782,69.7893
4783,172.591
4784,305.319
4785,313.286
4786,556.624
4787,462.859
4788,334.69
4789,144.052
4790,240.402
4791,243.373
4792,194.525
4793,8.43519
4794,0.0
4795,0.0
4796,0.0
4797,0.0
4798,0.0
4799,0.0
4800,0.0
4801,0.0
4802,0.0
4803,0.0
4804,0.0
4805,1.0579
4806,44.3574
4807,164.147
4808,213.015
4809,202.968
4810,130.251
4811,50.1676
4812,216.689
4813,353.98
4814,322.071
4815,320.115
4816,247.636
4817,101.206
4818,10.8718
4819,0.0
4820,0.0
4821,0.0
4822,0.0
4823,0.0
4824,0.0
4825,0.0
4826,0.0
4827,0.0
4828,0.0
4829,0.0
4830,27.6964
4831,143.253
4832,196.147
4833,408.544
4834,395.184
4835,206.406
4836,236.018
4837,336.724
4838,314.06
4839,245.126
4840,228.538
4841,101.242
4842,7.56288
4843,0.0
4844,0.0
4845,0.0
4846,0.0
4847,0.0
4848,0.0
4849,0.0
4850,0.0
4851,0.0
4852,0.0
4853,4.09577
4854,55.7675
4855,254.616
4856,469.754
4857,606.102
4858,696.535
4859,453.02
4860,371.702
4861,313.865
4862,289.738
4863,312.277
4864,173.328
4865,87.0144
4866,6.17448
4867,0.0
4868,0.0
4869,0.0
4870,0.0
4871,0.0
4872,0.0
4873,0.0
4874,0.0
4875,0.0
4876,0.0
4877,2.58337
4878,54.0575
4879,235.196
4880,454.146
4881,580.81
4882,702.056
4883,428.99
4884,428.486
4885,401.442
4886,324.24
4887,269.167
4888,189.374
4889,87.5849
4890,8.46723
4891,0.0
4892,0.0
4893,0.0
4894,0.0
4895,0.0
4896,0.0
4897,0.0
4898,0.0
4899,0.0
4900,0.0
4901,1.87562
4902,59.0006
4903,225.433
4904,400.368
4905,539.98
4906,636.135
4907,689.183
4908,688.555
4909,647.717
4910,561.577
4911,427.765
4912,263.364
4913,102.469
4914,10.7067
4915,0.0
4916,0.0
4917,0.0
4918,0.0
4919,0.0
4920,0.0
4921,0.0
4922,0.0
4923,0.0
4924,0.0
4925,0.0
4926,67.4495
4927,135.899
4928,166.024
4929,183.067
4930,190.089
4931,114.044
4932,266.563
4933,416.259
4934,291.127
4935,201.69
4936,127.02
4937,48.9451
4938,9.34379
4939,0.0
4940,0.0
4941,0.0
4942,0.0
4943,0.0
4944,0.0
4945,0.0
4946,0.0
4947,0.0
4948,0.0
4949,0.0
4950,67.7522
4951,140.43
4952,196.37
4953,210.217
4954,306.211
4955,298.109
4956,279.478
4957,411.277
4958,420.077
4959,391.439
4960,257.285
4961,107.692
4962,15.2725
4963,0.0
4964,0.0
4965,0.0
4966,0.0
4967,0.0
4968,0.0
4969,0.0
4970,0.0
4971,0.0
4972,0.0
4973,0.0
4974,62.9095
4975,203.011
4976,334.133
4977,408.226
4978,672.464
4979,598.979
4980,592.719
4981,252.495
4982,160.851
4983,79.9533
4984,28.2386
4985,47.6555
4986,0.965351
4987,0.0
4988,0.0
4989,0.0
4990,0.0
4991,0.0
4992,0.0
4993,0.0
4994,0.0
4995,0.0
4996,0.0
4997,0.317469
4998,61.0381
4999,218.684
5000,383.984
5001,511.179
5002,597.803
5003,651.744
5004,657.62
5005,619.296
5006,539.635
5007,420.41
5008,256.006
5009,101.079
5010,10.7271
5011,0.0
5012,0.0
5013,0.0
5014,0.0
5015,0.0
5016,0.0
5017,0.0
5018,0.0
5019,0.0
5020,0.0
5021,1.83277
5022,65.7129
5023,235.84
5024,366.822
5025,436.204
5026,484.803
5027,540.225
5028,491.624
5029,525.621
5030,456.358
5031,320.79
5032,222.117
5033,80.9953
5034,5.4112
5035,0.0
5036,0.0
5037,0.0
5038,0.0
5039,0.0
5040,0.0
5041,0.0
5042,0.0
5043,0.0
5044,0.0
5045,0.0
5046,69.929
5047,196.726
5048,341.89
5049,503.21
5050,587.429
5051,593.707
5052,615.42
5053,615.084
5054,503.97
5055,360.696
5056,222.364
5057,89.3487
5058,3.98087
5059,0.0
5060,0.0
5061,0.0
5062,0.0
5063,0.0
5064,0.0
5065,0.0
5066,0.0
5067,0.0
5068,0.0
5069,0.0
5070,59.4397
5071,218.353
5072,390.429
5073,530.711
5074,629.134
5075,678.637
5076,687.756
5077,644.605
5078,555.313
5079,420.614
5080,256.709
5081,99.5492
5082,8.4
5083,0.0
5084,0.0
5085,0.0
5086,0.0
5087,0.0
5088,0.0
5089,0.0
5090,0.0
5091,0.0
5092,0.0
5093,0.0
5094,62.6632
5095,207.205
5096,341.245
5097,457.692
5098,558.288
5099,613.591
5100,635.968
5101,643.488
5102,565.872
5103,442.025
5104,258.276
5105,100.52
5106,10.7761
5107,0.0
5108,0.0
5109,0.0
5110,0.0
5111,0.0
5112,0.0
5113,0.0
5114,0.0
5115,0.0
5116,0.0
5117,0.0
5118,63.4026
5119,209.739
5120,398.667
5121,461.539
5122,682.447
5123,663.626
5124,596.549
5125,494.511
5126,412.714
5127,281.877
5128,189.56
5129,73.3197
5130,0.0
5131,0.0
5132,0.0
5133,0.0
5134,0.0
5135,0.0
5136,0.0
5137,0.0
5138,0.0
5139,0.0
5140,0.0
5141,0.0
5142,66.4429
5143,210.642
5144,268.696
5145,303.547
5146,302.162
5147,289.26
5148,55.0398
5149,348.2
5150,315.704
5151,136.404
5152,111.448
5153,84.489
5154,9.42672
5155,0.0
5156,0.0
5157,0.0
5158,0.0
5159,0.0
5160,0.0
5161,0.0
5162,0.0
5163,0.0
5164,0.0
5165,0.0
5166,64.8191
5167,182.759
5168,271.097
5169,380.169
5170,532.628
5171,510.885
5172,636.865
5173,686.964
5174,558.758
5175,362.897
5176,207.127
5177,88.8931
5178,6.36506
5179,0.0
5180,0.0
5181,0.0
5182,0.0
5183,0.0
5184,0.0
5185,0.0
5186,0.0
5187,0.0
5188,0.0
5189,0.0
5190,62.1897
5191,194.419
5192,316.016
5193,605.457
5194,543.113
5195,744.895
5196,389.004
5197,366.077
5198,221.585
5199,190.216
5200,63.9442
5201,50.4695
5202,0.0
5203,0.0
5204,0.0
5205,0.0
5206,0.0
5207,0.0
5208,0.0
5209,0.0
5210,0.0
5211,0.0
5212,0.0
5213,0.0
5214,63.4446
5215,238.394
5216,371.923
5217,442.679
5218,526.046
5219,539.689
5220,523.925
5221,487.716
5222,392.988
5223,336.869
5224,180.212
5225,67.7096
5226,0.0
5227,0.0
5228,0.0
5229,0.0
5230,0.0
5231,0.0
5232,0.0
5233,0.0
5234,0.0
5235,0.0
5236,0.0
5237,0.0
5238,62.3833
5239,181.267
5240,281.148
5241,326.755
5242,447.871
5243,427.235
5244,418.991
5245,343.471
5246,304.525
5247,257.94
5248,178.392
5249,51.2833
5250,0.0
5251,0.0
5252,0.0
5253,0.0
5254,0.0
5255,0.0
5256,0.0
5257,0.0
5258,0.0
5259,0.0
5260,0.0
5261,0.0
5262,63.2485
5263,195.585
5264,357.931
5265,463.912
5266,542.428
5267,602.878
5268,633.318
5269,631.861
5270,549.56
5271,434.821
5272,271.056
5273,90.7735
5274,8.52858
5275,0.0
5276,0.0
5277,0.0
5278,0.0
5279,0.0
5280,0.0
5281,0.0
5282,0.0
5283,0.0
5284,0.0
5285,0.0
5286,60.3426
5287,194.25
5288,373.946
5289,515.003
5290,625.002
5291,626.104
5292,608.988
5293,613.426
5294,476.756
5295,344.659
5296,221.359
5297,69.156
5298,0.0
5299,0.0
5300,0.0
5301,0.0
5302,0.0
5303,0.0
5304,0.0
5305,0.0
5306,0.0
5307,0.0
5308,0.0
5309,0.0
5310,57.6886
5311,225.413
5312,405.406
5313,558.451
5314,644.37
5315,693.782
5316,700.541
5317,655.96
5318,574.536
5319,438.496
5320,265.193
5321,90.6509
5322,4.71918
5323,0.0
5324,0.0
5325,0.0
5326,0.0
5327,0.0
5328,0.0
5329,0.0
5330,0.0
5331,0.0
5332,0.0
5333,0.0
5334,60.0508
5335,218.807
5336,396.633
5337,541.952
5338,630.643
5339,680.007
5340,683.352
5341,641.283
5342,551.785
5343,417.072
5344,250.196
5345,82.9563
5346,2.43693
5347,0.0
5348,0.0
5349,0.0
5350,0.0
5351,0.0
5352,0.0
5353,0.0
5354,0.0
5355,0.0
5356,0.0
5357,0.0
5358,41.7349
5359,111.521
5360,194.156
5361,274.22
5362,336.935
5363,335.891
5364,326.674
5365,274.703
5366,239.932
5367,174.029
5368,108.213
5369,41.6438
5370,0.0
5371,0.0
5372,0.0
5373,0.0
5374,0.0
5375,0.0
5376,0.0
5377,0.0
5378,0.0
5379,0.0
5380,0.0
5381,0.0
5382,40.5275
5383,115.756
5384,204.894
5385,298.336
5386,383.25
5387,366.718
5388,386.17
5389,331.213
5390,307.772
5391,246.003
5392,121.985
5393,50.0628
5394,0.0
5395,0.0
5396,0.0
5397,0.0
5398,0.0
5399,0.0
5400,0.0
5401,0.0
5402,0.0
5403,0.0
5404,0.0
5405,0.0
5406,67.286
5407,192.956
5408,342.703
5409,450.728
5410,532.201
5411,624.597
5412,649.247
5413,611.999
5414,540.908
5415,408.715
5416,252.951
5417,85.4495
5418,3.165
5419,0.0
5420,0.0
5421,0.0
5422,0.0
5423,0.0
5424,0.0
5425,0.0
5426,0.0
5427,0.0
5428,0.0
5429,0.0
5430,61.1278
5431,186.049
5432,315.651
5433,513.142
5434,573.553
5435,626.859
5436,466.962
5437,511.014
5438,560.194
5439,388.289
5440,172.811
5441,69.1503
5442,0.0
5443,0.0
5444,0.0
5445,0.0
5446,0.0
5447,0.0
5448,0.0
5449,0.0
5450,0.0
5451,0.0
5452,0.0
5453,0.0
5454,58.1437
5455,212.641
5456,373.523
5457,521.328
5458,615.365
5459,665.582
5460,679.917
5461,644.772
5462,552.182
5463,419.621
5464,253.57
5465,84.7148
5466,2.43721
5467,0.0
5468,0.0
5469,0.0
5470,0.0
5471,0.0
5472,0.0
5473,0.0
5474,0.0
5475,0.0
5476,0.0
5477,0.0
5478,57.3902
5479,216.591
5480,390.968
5481,532.366
5482,616.981
5483,690.327
5484,672.66
5485,613.311
5486,535.301
5487,414.53
5488,244.921
5489,77.1274
5490,0.155847
5491,0.0
5492,0.0
5493,0.0
5494,0.0
5495,0.0
5496,0.0
5497,0.0
5498,0.0
5499,0.0
5500,0.0
5501,0.0
5502,47.2285
5503,134.088
5504,199.201
5505,239.271
5506,301.65
5507,343.578
5508,324.997
5509,330.37
5510,282.037
5511,204.418
5512,112.904
5513,45.532
5514,0.0
5515,0.0
5516,0.0
5517,0.0
5518,0.0
5519,0.0
5520,0.0
5521,0.0
5522,0.0
5523,0.0
5524,0.0
5525,0.0
5526,51.216
5527,145.46
5528,246.369
5529,314.562
5530,380.042
5531,402.765
5532,438.611
5533,420.603
5534,350.017
5535,253.354
5536,162.762
5537,64.3128
5538,0.0
5539,0.0
5540,0.0
5541,0.0
5542,0.0
5543,0.0
5544,0.0
5545,0.0
5546,0.0
5547,0.0
5548,0.0
5549,0.0
5550,57.0873
5551,213.21
5552,347.267
5553,488.125
5554,562.504
5555,668.739
5556,679.688
5557,634.877
5558,554.93
5559,387.12
5560,231.73
5561,77.8126
5562,0.145692
5563,0.0
5564,0.0
5565,0.0
5566,0.0
5567,0.0
5568,0.0
5569,0.0
5570,0.0
5571,0.0
5572,0.0
5573,0.0
5574,28.5132
5575,78.288
5576,131.093
5577,169.73
5578,198.567
5579,213.558
5580,210.487
5581,198.693
5582,164.167
5583,126.779
5584,77.7458
5585,30.633
5586,0.0
5587,0.0
5588,0.0
5589,0.0
5590,0.0
5591,0.0
5592,0.0
5593,0.0
5594,0.0
5595,0.0
5596,0.0
5597,0.0
5598,60.361
5599,191.599
5600,329.841
5601,493.731
5602,566.417
5603,636.989
5604,649.204
5605,625.589
5606,503.496
5607,390.43
5608,208.539
5609,73.8132
5610,0.0
5611,0.0
5612,0.0
5613,0.0
5614,0.0
5615,0.0
5616,0.0
5617,0.0
5618,0.0
5619,0.0
5620,0.0
5621,0.0
5622,60.0088
5623,190.318
5624,324.845
5625,463.275
5626,557.975
5627,611.122
5628,595.277
5629,544.456
5630,432.083
5631,304.909
5632,184.161
5633,63.9049
5634,0.0
5635,0.0
5636,0.0
5637,0.0
5638,0.0
5639,0.0
5640,0.0
5641,0.0
5642,0.0
5643,0.0
5644,0.0
5645,0.0
5646,49.6253
5647,137.691
5648,220.279
5649,299.368
5650,352.69
5651,363.733
5652,362.266
5653,320.96
5654,284.119
5655,220.396
5656,147.886
5657,58.0993
5658,0.0
5659,0.0
5660,0.0
5661,0.0
5662,0.0
5663,0.0
5664,0.0
5665,0.0
5666,0.0
5667,0.0
5668,0.0
5669,0.0
5670,59.1411
5671,188.424
5672,308.742
5673,404.839
5674,494.029
5675,523.135
5676,507.474
5677,440.648
5678,359.695
5679,277.476
5680,160.428
5681,58.0049
5682,0.0
5683,0.0
5684,0.0
5685,0.0
5686,0.0
5687,0.0
5688,0.0
5689,0.0
5690,0.0
5691,0.0
5692,0.0
5693,0.0
5694,58.5452
5695,191.542
5696,316.545
5697,450.656
5698,546.478
5699,618.778
5700,690.708
5701,632.289
5702,521.196
5703,386.508
5704,230.321
5705,67.0478
5706,0.0
5707,0.0
5708,0.0
5709,0.0
5710,0.0
5711,0.0
5712,0.0
5713,0.0
5714,0.0
5715,0.0
5716,0.0
5717,0.0
5718,46.7232
5719,148.587
5720,241.022
5721,333.113
5722,408.15
5723,498.528
5724,517.237
5725,414.429
5726,394.09
5727,374.687
5728,215.042
5729,83.5706
5730,0.0
5731,0.0
5732,0.0
5733,0.0
5734,0.0
5735,0.0
5736,0.0
5737,0.0
5738,0.0
5739,0.0
5740,0.0
5741,0.0
5742,59.6364
5743,123.539
5744,428.93
5745,403.745
5746,486.744
5747,207.719
5748,322.269
5749,720.289
5750,468.964
5751,104.959
5752,15.9755
5753,3.2023
5754,0.0
5755,0.0
5756,0.0
5757,0.0
5758,0.0
5759,0.0
5760,0.0
5761,0.0
5762,0.0
5763,0.0
5764,0.0
5765,0.0
5766,49.6554
5767,139.972
5768,251.889
5769,330.36
5770,374.544
5771,425.335
5772,454.897
5773,405.663
5774,354.999
5775,235.633
5776,137.356
5777,45.5607
5778,0.0
5779,0.0
5780,0.0
5781,0.0
5782,0.0
5783,0.0
5784,0.0
5785,0.0
5786,0.0
5787,0.0
5788,0.0
5789,0.0
5790,58.9552
5791,214.127
5792,364.671
5793,502.606
5794,539.255
5795,608.548
5796,626.232
5797,572.735
5798,496.137
5799,399.971
5800,228.562
5801,73.5733
5802,0.0
5803,0.0
5804,0.0
5805,0.0
5806,0.0
5807,0.0
5808,0.0
5809,0.0
5810,0.0
5811,0.0
5812,0.0
5813,0.0
5814,57.8571
5815,233.598
5816,423.155
5817,557.799
5818,658.345
5819,723.782
5820,736.961
5821,685.474
5822,575.565
5823,424.268
5824,241.291
5825,65.3062
5826,0.0
5827,0.0
5828,0.0
5829,0.0
5830,0.0
5831,0.0
5832,0.0
5833,0.0
5834,0.0
5835,0.0
5836,0.0
5837,0.0
5838,60.1429
5839,243.704
5840,425.914
5841,570.923
5842,659.151
5843,697.877
5844,702.809
5845,655.17
5846,559.207
5847,417.826
5848,239.353
5849,62.7501
5850,0.0
5851,0.0
5852,0.0
5853,0.0
5854,0.0
5855,0.0
5856,0.0
5857,0.0
5858,0.0
5859,0.0
5860,0.0
5861,0.0
5862,58.1623
5863,233.405
5864,422.251
5865,562.135
5866,659.143
5867,698.752
5868,684.39
5869,634.613
5870,539.669
5871,408.508
5872,229.981
5873,62.2613
5874,0.0
5875,0.0
5876,0.0
5877,0.0
5878,0.0
5879,0.0
5880,0.0
5881,0.0
5882,0.0
5883,0.0
5884,0.0
5885,0.0
5886,56.9348
5887,215.057
5888,390.808
5889,517.957
5890,613.715
5891,664.179
5892,678.629
5893,635.039
5894,527.422
5895,397.344
5896,216.717
5897,59.1407
5898,0.0
5899,0.0
5900,0.0
5901,0.0
5902,0.0
5903,0.0
5904,0.0
5905,0.0
5906,0.0
5907,0.0
5908,0.0
5909,0.0
5910,59.4455
5911,241.136
5912,429.042
5913,573.83
5914,674.198
5915,726.769
5916,720.562
5917,674.204
5918,574.481
5919,425.976
5920,235.683
5921,58.4573
5922,0.0
5923,0.0
5924,0.0
5925,0.0
5926,0.0
5927,0.0
5928,0.0
5929,0.0
5930,0.0
5931,0.0
5932,0.0
5933,0.0
5934,13.2224
5935,28.4438
5936,177.77
5937,190.009
5938,203.123
5939,266.271
5940,384.894
5941,303.384
5942,152.856
5943,103.85
5944,30.3024
5945,12.2912
5946,0.0
5947,0.0
5948,0.0
5949,0.0
5950,0.0
5951,0.0
5952,0.0
5953,0.0
5954,0.0
5955,0.0
5956,0.0
5957,0.0
5958,2.56008
5959,23.249
5960,43.8479
5961,41.5918
5962,117.819
5963,336.019
5964,385.47
5965,359.701
5966,272.076
5967,248.624
5968,151.439
5969,44.9873
5970,0.0
5971,0.0
5972,0.0
5973,0.0
5974,0.0
5975,0.0
5976,0.0
5977,0.0
5978,0.0
5979,0.0
5980,0.0
5981,0.0
5982,35.6791
5983,101.316
5984,226.627
5985,403.203
5986,429.548
5987,361.518
5988,313.904
5989,255.971
5990,401.642
5991,276.663
5992,151.074
5993,74.0563
5994,0.0
5995,0.0
5996,0.0
5997,0.0
5998,0.0
5999,0.0
6000,0.0
6001,0.0
6002,0.0
6003,0.0
6004,0.0
6005,0.0
6006,62.47
6007,240.767
6008,421.107
6009,548.416
6010,626.082
6011,679.676
6012,659.867
6013,623.592
6014,520.171
6015,371.696
6016,207.79
6017,53.1988
6018,0.0
6019,0.0
6020,0.0
6021,0.0
6022,0.0
6023,0.0
6024,0.0
6025,0.0
6026,0.0
6027,0.0
6028,0.0
6029,0.0
6030,63.6425
6031,240.83
6032,425.828
6033,561.765
6034,654.982
6035,703.307
6036,690.806
6037,631.92
6038,555.589
6039,408.388
6040,228.394
6041,53.51
6042,0.0
6043,0.0
6044,0.0
6045,0.0
6046,0.0
6047,0.0
6048,0.0
6049,0.0
6050,0.0
6051,0.0
6052,0.0
6053,0.0
6054,63.5686
6055,256.703
6056,453.269
6057,600.61
6058,693.949
6059,730.21
6060,727.735
6061,683.813
6062,591.431
6063,441.119
6064,246.121
6065,57.2194
6066,0.0
6067,0.0
6068,0.0
6069,0.0
6070,0.0
6071,0.0
6072,0.0
6073,0.0
6074,0.0
6075,0.0
6076,0.0
6077,0.0
6078,67.8812
6079,276.973
6080,450.757
6081,617.536
6082,688.446
6083,455.022
6084,434.191
6085,382.469
6086,311.356
6087,251.972
6088,153.787
6089,44.3293
6090,0.0
6091,0.0
6092,0.0
6093,0.0
6094,0.0
6095,0.0
6096,0.0
6097,0.0
6098,0.0
6099,0.0
6100,0.0
6101,0.0
6102,55.736
6103,180.269
6104,310.088
6105,367.891
6106,378.441
6107,477.025
6108,386.162
6109,342.329
6110,245.947
6111,165.038
6112,48.6904
6113,1.7602
6114,0.0
6115,0.0
6116,0.0
6117,0.0
6118,0.0
6119,0.0
6120,0.0
6121,0.0
6122,0.0
6123,0.0
6124,0.0
6125,0.0
6126,64.4231
6127,256.073
6128,446.127
6129,588.979
6130,669.763
6131,716.451
6132,718.933
6133,670.582
6134,569.458
6135,420.027
6136,233.805
6137,52.2173
6138,0.0
6139,0.0
6140,0.0
6141,0.0
6142,0.0
6143,0.0
6144,0.0
6145,0.0
6146,0.0
6147,0.0
6148,0.0
6149,0.0
6150,68.4629
6151,275.666
6152,481.559
6153,630.051
6154,737.283
6155,784.302
6156,785.368
6157,739.5
6158,628.328
6159,459.708
6160,250.705
6161,50.4018
6162,0.0
6163,0.0
6164,0.0
6165,0.0
6166,0.0
6167,0.0
6168,0.0
6169,0.0
6170,0.0
6171,0.0
6172,0.0
6173,0.0
6174,17.3973
6175,189.98
6176,236.533
6177,403.217
6178,545.354
6179,602.22
6180,667.392
6181,456.36
6182,467.759
6183,377.535
6184,208.339
6185,22.2232
6186,0.0
6187,0.0
6188,0.0
6189,0.0
6190,0.0
6191,0.0
6192,0.0
6193,0.0
6194,0.0
6195,0.0
6196,0.0
6197,0.0
6198,66.0035
6199,263.151
6200,457.57
6201,614.094
6202,709.191
6203,757.391
6204,751.522
6205,698.832
6206,586.128
6207,427.916
6208,230.973
6209,47.7407
6210,0.0
6211,0.0
6212,0.0
6213,0.0
6214,0.0
6215,0.0
6216,0.0
6217,0.0
6218,0.0
6219,0.0
6220,0.0
6221,0.0
6222,68.2173
6223,272.201
6224,470.617
6225,619.629
6226,725.121
6227,772.459
6228,758.007
6229,696.368
6230,590.299
6231,434.176
6232,232.112
6233,47.2379
6234,0.0
6235,0.0
6236,0.0
6237,0.0
6238,0.0
6239,0.0
6240,0.0
6241,0.0
6242,0.0
6243,0.0
6244,0.0
6245,0.0
6246,13.5332
6247,104.537
6248,338.217
6249,408.855
6250,505.539
6251,556.456
6252,604.322
6253,644.378
6254,392.637
6255,158.437
6256,107.415
6257,12.2751
6258,0.0
6259,0.0
6260,0.0
6261,0.0
6262,0.0
6263,0.0
6264,0.0
6265,0.0
6266,0.0
6267,0.0
6268,0.0
6269,0.0
6270,70.1857
6271,275.989
6272,473.686
6273,614.765
6274,699.451
6275,741.474
6276,732.524
6277,686.536
6278,593.804
6279,435.922
6280,233.183
6281,16.1495
6282,0.0
6283,0.0
6284,0.0
6285,0.0
6286,0.0
6287,0.0
6288,0.0
6289,0.0
6290,0.0
6291,0.0
6292,0.0
6293,0.0
6294,14.198
6295,55.7896
6296,99.7677
6297,149.405
6298,151.8
6299,215.343
6300,188.707
6301,187.321
6302,200.521
6303,142.952
6304,69.881
6305,6.34851
6306,0.0
6307,0.0
6308,0.0
6309,0.0
6310,0.0
6311,0.0
6312,0.0
6313,0.0
6314,0.0
6315,0.0
6316,0.0
6317,0.0
6318,73.0401
6319,289.287
6320,497.41
6321,653.189
6322,748.751
6323,789.963
6324,769.826
6325,703.722
6326,594.376
6327,437.159
6328,224.499
6329,11.5381
6330,0.0
6331,0.0
6332,0.0
6333,0.0
6334,0.0
6335,0.0
6336,0.0
6337,0.0
6338,0.0
6339,0.0
6340,0.0
6341,0.0
6342,83.2154
6343,206.616
6344,198.822
6345,40.1699
6346,48.806
6347,52.7264
6348,196.463
6349,284.936
6350,479.833
6351,486.595
6352,257.433
6353,45.8714
6354,0.0
6355,0.0
6356,0.0
6357,0.0
6358,0.0
6359,0.0
6360,0.0
6361,0.0
6362,0.0
6363,0.0
6364,0.0
6365,0.0
6366,25.8748
6367,94.8744
6368,152.591
6369,176.312
6370,209.781
6371,220.079
6372,202.916
6373,182.13
6374,149.071
6375,98.9205
6376,50.5536
6377,0.0
6378,0.0
6379,0.0
6380,0.0
6381,0.0
6382,0.0
6383,0.0
6384,0.0
6385,0.0
6386,0.0
6387,0.0
6388,0.0
6389,0.0
6390,69.7281
6391,100.644
6392,171.621
6393,299.634
6394,371.064
6395,149.15
6396,558.12
6397,527.704
6398,600.211
6399,452.945
6400,223.767
6401,13.8154
6402,0.0
6403,0.0
6404,0.0
6405,0.0
6406,0.0
6407,0.0
6408,0.0
6409,0.0
6410,0.0
6411,0.0
6412,0.0
6413,0.0
6414,42.5037
6415,161.416
6416,167.592
6417,427.785
6418,409.678
6419,262.803
6420,247.635
6421,522.74
6422,559.747
6423,433.877
6424,135.615
6425,5.57991
6426,0.0
6427,0.0
6428,0.0
6429,0.0
6430,0.0
6431,0.0
6432,0.0
6433,0.0
6434,0.0
6435,0.0
6436,0.0
6437,0.0
6438,66.5357
6439,226.636
6440,548.024
6441,567.734
6442,458.96
6443,451.529
6444,247.986
6445,128.091
6446,40.715
6447,66.848
6448,12.5014
6449,0.0
6450,0.0
6451,0.0
6452,0.0
6453,0.0
6454,0.0
6455,0.0
6456,0.0
6457,0.0
6458,0.0
6459,0.0
6460,0.0
6461,0.0
6462,24.7482
6463,149.82
6464,384.608
6465,625.556
6466,588.548
6467,455.361
6468,438.758
6469,230.31
6470,281.565
6471,178.014
6472,219.522
6473,11.7245
6474,0.0
6475,0.0
6476,0.0
6477,0.0
6478,0.0
6479,0.0
6480,0.0
6481,0.0
6482,0.0
6483,0.0
6484,0.0
6485,0.0
6486,60.3436
6487,236.478
6488,413.873
6489,555.836
6490,661.523
6491,668.066
6492,653.263
6493,580.123
6494,473.409
6495,347.91
6496,177.846
6497,6.4837
6498,0.0
6499,0.0
6500,0.0
6501,0.0
6502,0.0
6503,0.0
6504,0.0
6505,0.0
6506,0.0
6507,0.0
6508,0.0
6509,0.0
6510,10.4759
6511,39.0502
6512,84.6868
6513,117.488
6514,146.077
6515,172.811
6516,168.09
6517,149.721
6518,111.863
6519,57.9658
6520,32.4135
6521,0.0
6522,0.0
6523,0.0
6524,0.0
6525,0.0
6526,0.0
6527,0.0
6528,0.0
6529,0.0
6530,0.0
6531,0.0
6532,0.0
6533,0.0
6534,6.51555
6535,42.8337
6536,97.6286
6537,153.26
6538,160.517
6539,143.895
6540,166.489
6541,163.126
6542,127.711
6543,78.9079
6544,34.0994
6545,0.0
6546,0.0
6547,0.0
6548,0.0
6549,0.0
6550,0.0
6551,0.0
6552,0.0
6553,0.0
6554,0.0
6555,0.0
6556,0.0
6557,0.0
6558,67.9238
6559,263.028
6560,469.385
6561,631.077
6562,735.754
6563,767.839
6564,749.456
6565,684.043
6566,576.354
6567,405.729
6568,206.184
6569,4.95183
6570,0.0
6571,0.0
6572,0.0
6573,0.0
6574,0.0
6575,0.0
6576,0.0
6577,0.0
6578,0.0
6579,0.0
6580,0.0
6581,0.0
6582,22.2004
6583,100.906
6584,189.821
6585,269.473
6586,289.774
6587,288.094
6588,304.482
6589,282.391
6590,207.209
6591,185.361
6592,70.792
6593,0.0
6594,0.0
6595,0.0
6596,0.0
6597,0.0
6598,0.0
6599,0.0
6600,0.0
6601,0.0
6602,0.0
6603,0.0
6604,0.0
6605,0.0
6606,66.1315
6607,252.968
6608,434.959
6609,556.658
6610,654.766
6611,683.398
6612,659.368
6613,611.711
6614,539.736
6615,382.368
6616,187.361
6617,2.60219
6618,0.0
6619,0.0
6620,0.0
6621,0.0
6622,0.0
6623,0.0
6624,0.0
6625,0.0
6626,0.0
6627,0.0
6628,0.0
6629,0.0
6630,66.5045
6631,267.021
6632,472.443
6633,623.066
6634,729.148
6635,771.107
6636,751.193
6637,683.386
6638,561.237
6639,376.682
6640,175.501
6641,1.02011
6642,0.0
6643,0.0
6644,0.0
6645,0.0
6646,0.0
6647,0.0
6648,0.0
6649,0.0
6650,0.0
6651,0.0
6652,0.0
6653,0.0
6654,60.597
6655,227.674
6656,415.455
6657,583.8
6658,658.229
6659,697.815
6660,670.338
6661,617.402
6662,501.99
6663,352.911
6664,159.886
6665,1.77448
6666,0.0
6667,0.0
6668,0.0
6669,0.0
6670,0.0
6671,0.0
6672,0.0
6673,0.0
6674,0.0
6675,0.0
6676,0.0
6677,0.0
6678,18.7777
6679,239.35
6680,436.076
6681,579.421
6682,680.019
6683,723.519
6684,702.302
6685,656.833
6686,540.791
6687,377.964
6688,178.97
6689,0.252446
6690,0.0
6691,0.0
6692,0.0
6693,0.0
6694,0.0
6695,0.0
6696,0.0
6697,0.0
6698,0.0
6699,0.0
6700,0.0
6701,0.0
6702,16.8204
6703,247.752
6704,219.683
6705,282.451
6706,534.25
6707,553.356
6708,233.303
6709,513.037
6710,546.128
6711,57.7225
6712,24.6467
6713,0.0
6714,0.0
6715,0.0
6716,0.0
6717,0.0
6718,0.0
6719,0.0
6720,0.0
6721,0.0
6722,0.0
6723,0.0
6724,0.0
6725,0.0
6726,17.9978
6727,287.511
6728,506.177
6729,662.369
6730,760.826
6731,797.787
6732,775.829
6733,709.055
6734,593.014
6735,415.517
6736,198.885
6737,0.0
6738,0.0
6739,0.0
6740,0.0
6741,0.0
6742,0.0
6743,0.0
6744,0.0
6745,0.0
6746,0.0
6747,0.0
6748,0.0
6749,0.0
6750,13.6239
6751,298.668
6752,347.862
6753,441.205
6754,419.853
6755,322.262
6756,347.821
6757,175.9
6758,247.094
6759,22.3746
6760,7.93892
6761,0.0
6762,0.0
6763,0.0
6764,0.0
6765,0.0
6766,0.0
6767,0.0
6768,0.0
6769,0.0
6770,0.0
6771,0.0
6772,0.0
6773,0.0
6774,18.4783
6775,204.141
6776,191.544
6777,160.163
6778,374.579
6779,442.483
6780,640.958
6781,714.793
6782,540.244
6783,432.18
6784,205.967
6785,5.46947
6786,0.0
6787,0.0
6788,0.0
6789,0.0
6790,0.0
6791,0.0
6792,0.0
6793,0.0
6794,0.0
6795,0.0
6796,0.0
6797,0.0
6798,13.4847
6799,182.13
6800,250.458
6801,307.354
6802,397.006
6803,455.796
6804,503.953
6805,474.656
6806,412.199
6807,232.077
6808,103.118
6809,0.0
6810,0.0
6811,0.0
6812,0.0
6813,0.0
6814,0.0
6815,0.0
6816,0.0
6817,0.0
6818,0.0
6819,0.0
6820,0.0
6821,0.0
6822,4.1613
6823,80.355
6824,147.04
6825,206.816
6826,258.443
6827,275.9
6828,263.058
6829,219.66
6830,161.345
6831,97.9131
6832,35.5026
6833,0.0
6834,0.0
6835,0.0
6836,0.0
6837,0.0
6838,0.0
6839,0.0
6840,0.0
6841,0.0
6842,0.0
6843,0.0
6844,0.0
6845,0.0
6846,5.00219
6847,95.8341
6848,173.218
6849,237.581
6850,229.604
6851,265.439
6852,279.286
6853,224.051
6854,122.579
6855,89.6526
6856,5.56451
6857,0.0
6858,0.0
6859,0.0
6860,0.0
6861,0.0
6862,0.0
6863,0.0
6864,0.0
6865,0.0
6866,0.0
6867,0.0
6868,0.0
6869,0.0
6870,13.7523
6871,251.118
6872,463.151
6873,605.715
6874,683.105
6875,714.595
6876,707.261
6877,647.111
6878,534.526
6879,366.032
6880,165.587
6881,0.0
6882,0.0
6883,0.0
6884,0.0
6885,0.0
6886,0.0
6887,0.0
6888,0.0
6889,0.0
6890,0.0
6891,0.0
6892,0.0
6893,0.0
6894,12.1761
6895,268.202
6896,488.189
6897,649.08
6898,748.515
6899,783.91
6900,757.758
6901,681.319
6902,562.189
6903,381.95
6904,169.051
6905,0.0
6906,0.0
6907,0.0
6908,0.0
6909,0.0
6910,0.0
6911,0.0
6912,0.0
6913,0.0
6914,0.0
6915,0.0
6916,0.0
6917,0.0
6918,12.2661
6919,237.439
6920,445.778
6921,591.191
6922,690.517
6923,729.516
6924,688.703
6925,632.309
6926,500.99
6927,338.157
6928,134.146
6929,0.0
6930,0.0
6931,0.0
6932,0.0
6933,0.0
6934,0.0
6935,0.0
6936,0.0
6937,0.0
6938,0.0
6939,0.0
6940,0.0
6941,0.0
6942,11.4737
6943,250.651
6944,473.055
6945,632.309
6946,726.517
6947,765.524
6948,747.592
6949,671.705
6950,556.403
6951,381.192
6952,167.182
6953,0.0
6954,0.0
6955,0.0
6956,0.0
6957,0.0
6958,0.0
6959,0.0
6960,0.0
6961,0.0
6962,0.0
6963,0.0
6964,0.0
6965,0.0
6966,6.64204
6967,144.764
6968,263.664
6969,425.798
6970,507.78
6971,500.596
6972,528.21
6973,487.356
6974,390.573
6975,224.835
6976,61.2783
6977,0.0
6978,0.0
6979,0.0
6980,0.0
6981,0.0
6982,0.0
6983,0.0
6984,0.0
6985,0.0
6986,0.0
6987,0.0
6988,0.0
6989,0.0
6990,9.9297
6991,204.77
6992,377.869
6993,500.389
6994,587.784
6995,614.2
6996,600.513
6997,535.81
6998,405.787
6999,270.263
7000,124.025
7001,0.0
7002,0.0
7003,0.0
7004,0.0
7005,0.0
7006,0.0
7007,0.0
7008,0.0
7009,0.0
7010,0.0
7011,0.0
7012,0.0
7013,0.0
7014,9.8265
7015,203.966
7016,368.975
7017,543.954
7018,627.883
7019,600.182
7020,606.892
7021,579.556
7022,446.34
7023,338.384
7024,141.331
7025,0.0
7026,0.0
7027,0.0
7028,0.0
7029,0.0
7030,0.0
7031,0.0
7032,0.0
7033,0.0
7034,0.0
7035,0.0
7036,0.0
7037,0.0
7038,6.60616
7039,171.684
7040,323.768
7041,453.548
7042,514.207
7043,549.26
7044,553.542
7045,485.535
7046,372.464
7047,215.56
7048,75.0554
7049,0.0
7050,0.0
7051,0.0
7052,0.0
7053,0.0
7054,0.0
7055,0.0
7056,0.0
7057,0.0
7058,0.0
7059,0.0
7060,0.0
7061,0.0
7062,8.34424
7063,254.79
7064,485.313
7065,647.769
7066,744.827
7067,786.333
7068,767.528
7069,690.604
7070,550.474
7071,360.103
7072,148.388
7073,0.0
7074,0.0
7075,0.0
7076,0.0
7077,0.0
7078,0.0
7079,0.0
7080,0.0
7081,0.0
7082,0.0
7083,0.0
7084,0.0
7085,0.0
7086,8.41471
7087,230.948
7088,441.489
7089,583.461
7090,661.215
7091,687.026
7092,654.306
7093,583.264
7094,470.695
7095,308.443
7096,126.834
7097,0.0
7098,0.0
7099,0.0
7100,0.0
7101,0.0
7102,0.0
7103,0.0
7104,0.0
7105,0.0
7106,0.0
7107,0.0
7108,0.0
7109,0.0
7110,1.98725
7111,43.0749
7112,103.001
7113,244.483
7114,322.513
7115,268.826
7116,299.476
7117,419.501
7118,351.416
7119,347.902
7120,167.174
7121,0.0
7122,0.0
7123,0.0
7124,0.0
7125,0.0
7126,0.0
7127,0.0
7128,0.0
7129,0.0
7130,0.0
7131,0.0
7132,0.0
7133,0.0
7134,0.44648
7135,134.018
7136,280.811
7137,379.889
7138,400.469
7139,369.713
7140,278.302
7141,289.211
7142,109.475
7143,37.0975
7144,3.52011
7145,0.0
7146,0.0
7147,0.0
7148,0.0
7149,0.0
7150,0.0
7151,0.0
7152,0.0
7153,0.0
7154,0.0
7155,0.0
7156,0.0
7157,0.0
7158,6.22164
7159,272.71
7160,482.939
7161,644.54
7162,745.35
7163,788.876
7164,774.065
7165,703.544
7166,572.013
7167,390.803
7168,166.182
7169,0.0
7170,0.0
7171,0.0
7172,0.0
7173,0.0
7174,0.0
7175,0.0
7176,0.0
7177,0.0
7178,0.0
7179,0.0
7180,0.0
7181,0.0
7182,5.36193
7183,259.353
7184,464.169
7185,603.049
7186,695.551
7187,725.431
7188,701.353
7189,638.584
7190,513.984
7191,341.041
7192,142.458
7193,0.0
7194,0.0
7195,0.0
7196,0.0
7197,0.0
7198,0.0
7199,0.0
7200,0.0
7201,0.0
7202,0.0
7203,0.0
7204,0.0
7205,0.0
7206,4.64531
7207,238.074
7208,436.474
7209,576.949
7210,676.929
7211,720.981
7212,709.786
7213,638.538
7214,522.443
7215,343.859
7216,140.514
7217,0.0
7218,0.0
7219,0.0
7220,0.0
7221,0.0
7222,0.0
7223,0.0
7224,0.0
7225,0.0
7226,0.0
7227,0.0
7228,0.0
7229,0.0
7230,4.51928
7231,247.103
7232,458.446
7233,611.052
7234,680.531
7235,716.366
7236,698.87
7237,613.744
7238,481.2
7239,308.537
7240,112.94
7241,0.0
7242,0.0
7243,0.0
7244,0.0
7245,0.0
7246,0.0
7247,0.0
7248,0.0
7249,0.0
7250,0.0
7251,0.0
7252,0.0
7253,0.0
7254,0.0
7255,35.67
7256,88.8466
7257,111.148
7258,124.336
7259,147.219
7260,154.718
7261,147.444
7262,110.141
7263,60.0375
7264,19.8755
7265,0.0
7266,0.0
7267,0.0
7268,0.0
7269,0.0
7270,0.0
7271,0.0
7272,0.0
7273,0.0
7274,0.0
7275,0.0
7276,0.0
7277,0.0
7278,2.04767
7279,169.693
7280,309.566
7281,391.374
7282,454.613
7283,411.746
7284,381.855
7285,280.821
7286,166.734
7287,50.5238
7288,1.9608
7289,0.0
7290,0.0
7291,0.0
7292,0.0
7293,0.0
7294,0.0
7295,0.0
7296,0.0
7297,0.0
7298,0.0
7299,0.0
7300,0.0
7301,0.0
7302,0.0
7303,7.17179
7304,20.2835
7305,47.2705
7306,399.257
7307,308.626
7308,430.677
7309,600.364
7310,397.447
7311,158.454
7312,15.0639
7313,0.0
7314,0.0
7315,0.0
7316,0.0
7317,0.0
7318,0.0
7319,0.0
7320,0.0
7321,0.0
7322,0.0
7323,0.0
7324,0.0
7325,0.0
7326,1.46532
7327,211.475
7328,454.354
7329,586.067
7330,597.488
7331,642.794
7332,532.61
7333,429.488
7334,332.598
7335,103.098
7336,16.4289
7337,0.0
7338,0.0
7339,0.0
7340,0.0
7341,0.0
7342,0.0
7343,0.0
7344,0.0
7345,0.0
7346,0.0
7347,0.0
7348,0.0
7349,0.0
7350,0.0
7351,140.416
7352,287.506
7353,521.947
7354,312.95
7355,533.222
7356,290.389
7357,206.017
7358,208.461
7359,241.192
7360,148.825
7361,0.0
7362,0.0
7363,0.0
7364,0.0
7365,0.0
7366,0.0
7367,0.0
7368,0.0
7369,0.0
7370,0.0
7371,0.0
7372,0.0
7373,0.0
7374,3.8601
7375,204.766
7376,318.151
7377,434.573
7378,573.529
7379,586.159
7380,546.56
7381,577.111
7382,363.434
7383,293.905
7384,118.286
7385,0.0
7386,0.0
7387,0.0
7388,0.0
7389,0.0
7390,0.0
7391,0.0
7392,0.0
7393,0.0
7394,0.0
7395,0.0
7396,0.0
7397,0.0
7398,0.0
7399,200.195
7400,441.581
7401,602.153
7402,741.61
7403,462.797
7404,448.088
7405,396.051
7406,307.631
7407,13.7559
7408,1.22904
7409,0.0
7410,0.0
7411,0.0
7412,0.0
7413,0.0
7414,0.0
7415,0.0
7416,0.0
7417,0.0
7418,0.0
7419,0.0
7420,0.0
7421,0.0
7422,0.597502
7423,198.97
7424,347.249
7425,507.024
7426,555.783
7427,547.224
7428,580.391
7429,562.318
7430,513.607
7431,359.413
7432,152.766
7433,0.0
7434,0.0
7435,0.0
7436,0.0
7437,0.0
7438,0.0
7439,0.0
7440,0.0
7441,0.0
7442,0.0
7443,0.0
7444,0.0
7445,0.0
7446,0.0
7447,223.194
7448,421.229
7449,572.251
7450,653.249
7451,683.403
7452,668.471
7453,604.117
7454,491.589
7455,327.601
7456,128.384
7457,0.0
7458,0.0
7459,0.0
7460,0.0
7461,0.0
7462,0.0
7463,0.0
7464,0.0
7465,0.0
7466,0.0
7467,0.0
7468,0.0
7469,0.0
7470,0.0
7471,211.954
7472,408.588
7473,546.155
7474,629.103
7475,678.189
7476,659.064
7477,599.406
7478,479.502
7479,301.0
7480,115.071
7481,0.0
7482,0.0
7483,0.0
7484,0.0
7485,0.0
7486,0.0
7487,0.0
7488,0.0
7489,0.0
7490,0.0
7491,0.0
7492,0.0
7493,0.0
7494,0.0
7495,206.288
7496,384.786
7497,499.398
7498,591.03
7499,615.712
7500,640.85
7501,575.55
7502,461.476
7503,292.093
7504,102.747
7505,0.0
7506,0.0
7507,0.0
7508,0.0
7509,0.0
7510,0.0
7511,0.0
7512,0.0
7513,0.0
7514,0.0
7515,0.0
7516,0.0
7517,0.0
7518,0.0
7519,131.84
7520,143.737
7521,416.231
7522,385.393
7523,354.433
7524,354.152
7525,208.89
7526,163.181
7527,95.9191
7528,1.06126
7529,0.0
7530,0.0
7531,0.0
7532,0.0
7533,0.0
7534,0.0
7535,0.0
7536,0.0
7537,0.0
7538,0.0
7539,0.0
7540,0.0
7541,0.0
7542,0.0
7543,46.5757
7544,141.668
7545,203.639
7546,244.874
7547,258.856
7548,290.868
7549,265.511
7550,199.213
7551,112.321
7552,29.6706
7553,0.0
7554,0.0
7555,0.0
7556,0.0
7557,0.0
7558,0.0
7559,0.0
7560,0.0
7561,0.0
7562,0.0
7563,0.0
7564,0.0
7565,0.0
7566,0.0
7567,129.408
7568,238.238
7569,287.315
7570,568.04
7571,650.445
7572,644.254
7573,559.418
7574,313.427
7575,227.293
7576,58.702
7577,0.0
7578,0.0
7579,0.0
7580,0.0
7581,0.0
7582,0.0
7583,0.0
7584,0.0
7585,0.0
7586,0.0
7587,0.0
7588,0.0
7589,0.0
7590,0.0
7591,168.675
7592,337.04
7593,484.621
7594,551.67
7595,588.861
7596,631.964
7597,528.814
7598,433.997
7599,316.417
7600,119.904
7601,0.0
7602,0.0
7603,0.0
7604,0.0
7605,0.0
7606,0.0
7607,0.0
7608,0.0
7609,0.0
7610,0.0
7611,0.0
7612,0.0
7613,0.0
7614,0.0
7615,21.9296
7616,57.6067
7617,86.4922
7618,108.945
7619,102.675
7620,93.5761
7621,76.6449
7622,52.8958
7623,34.9842
7624,5.13093
7625,0.0
7626,0.0
7627,0.0
7628,0.0
7629,0.0
7630,0.0
7631,0.0
7632,0.0
7633,0.0
7634,0.0
7635,0.0
7636,0.0
7637,0.0
7638,0.0
7639,96.3534
7640,80.5803
7641,175.197
7642,184.587
7643,163.337
7644,37.6359
7645,360.668
7646,245.325
7647,76.3175
7648,0.43286
7649,0.0
7650,0.0
7651,0.0
7652,0.0
7653,0.0
7654,0.0
7655,0.0
7656,0.0
7657,0.0
7658,0.0
7659,0.0
7660,0.0
7661,0.0
7662,0.0
7663,236.143
7664,438.258
7665,586.779
7666,665.296
7667,701.874
7668,700.452
7669,629.016
7670,509.59
7671,339.653
7672,125.381
7673,0.0
7674,0.0
7675,0.0
7676,0.0
7677,0.0
7678,0.0
7679,0.0
7680,0.0
7681,0.0
7682,0.0
7683,0.0
7684,0.0
7685,0.0
7686,0.0
7687,196.853
7688,396.912
7689,579.121
7690,647.334
7691,642.306
7692,625.775
7693,513.367
7694,393.349
7695,225.039
7696,64.6967
7697,0.0
7698,0.0
7699,0.0
7700,0.0
7701,0.0
7702,0.0
7703,0.0
7704,0.0
7705,0.0
7706,0.0
7707,0.0
7708,0.0
7709,0.0
7710,0.0
7711,112.456
7712,174.669
7713,211.025
7714,387.645
7715,595.455
7716,658.993
7717,615.08
7718,524.026
7719,334.291
7720,102.121
7721,0.0
7722,0.0
7723,0.0
7724,0.0
7725,0.0
7726,0.0
7727,0.0
7728,0.0
7729,0.0
7730,0.0
7731,0.0
7732,0.0
7733,0.0
7734,0.0
7735,50.035
7736,113.85
7737,108.239
7738,187.561
7739,159.89
7740,175.553
7741,134.285
7742,82.2038
7743,37.8267
7744,4.1058
7745,0.0
7746,0.0
7747,0.0
7748,0.0
7749,0.0
7750,0.0
7751,0.0
7752,0.0
7753,0.0
7754,0.0
7755,0.0
7756,0.0
7757,0.0
7758,0.0
7759,2.76237
7760,78.1739
7761,167.434
7762,504.233
7763,513.727
7764,382.216
7765,363.669
7766,337.876
7767,239.085
7768,11.7761
7769,0.0
7770,0.0
7771,0.0
7772,0.0
7773,0.0
7774,0.0
7775,0.0
7776,0.0
7777,0.0
7778,0.0
7779,0.0
7780,0.0
7781,0.0
7782,0.0
7783,56.0617
7784,164.577
7785,268.285
7786,339.592
7787,394.018
7788,465.86
7789,372.21
7790,162.444
7791,128.282
7792,0.0
7793,0.0
7794,0.0
7795,0.0
7796,0.0
7797,0.0
7798,0.0
7799,0.0
7800,0.0
7801,0.0
7802,0.0
7803,0.0
7804,0.0
7805,0.0
7806,0.0
7807,158.743
7808,259.105
7809,278.871
7810,305.939
7811,395.788
7812,419.161
7813,299.539
7814,180.408
7815,33.4363
7816,0.0
7817,0.0
7818,0.0
7819,0.0
7820,0.0
7821,0.0
7822,0.0
7823,0.0
7824,0.0
7825,0.0
7826,0.0
7827,0.0
7828,0.0
7829,0.0
7830,0.0
7831,78.1235
7832,189.792
7833,381.745
7834,541.333
7835,517.674
7836,471.969
7837,501.259
7838,409.858
7839,288.713
7840,22.3079
7841,0.0
7842,0.0
7843,0.0
7844,0.0
7845,0.0
7846,0.0
7847,0.0
7848,0.0
7849,0.0
7850,0.0
7851,0.0
7852,0.0
7853,0.0
7854,0.0
7855,18.8935
7856,48.5679
7857,75.2693
7858,100.786
7859,114.79
7860,122.478
7861,105.87
7862,70.1772
7863,40.1997
7864,1.26443
7865,0.0
7866,0.0
7867,0.0
7868,0.0
7869,0.0
7870,0.0
7871,0.0
7872,0.0
7873,0.0
7874,0.0
7875,0.0
7876,0.0
7877,0.0
7878,0.0
7879,190.684
7880,377.204
7881,564.277
7882,642.509
7883,676.65
7884,633.856
7885,575.953
7886,446.692
7887,258.622
7888,13.6478
7889,0.0
7890,0.0
7891,0.0
7892,0.0
7893,0.0
7894,0.0
7895,0.0
7896,0.0
7897,0.0
7898,0.0
7899,0.0
7900,0.0
7901,0.0
7902,0.0
7903,176.268
7904,322.193
7905,340.017
7906,501.501
7907,546.655
7908,583.745
7909,559.24
7910,412.62
7911,205.988
7912,12.7927
7913,0.0
7914,0.0
7915,0.0
7916,0.0
7917,0.0
7918,0.0
7919,0.0
7920,0.0
7921,0.0
7922,0.0
7923,0.0
7924,0.0
7925,0.0
7926,0.0
7927,134.359
7928,304.047
7929,488.133
7930,549.302
7931,549.191
7932,479.36
7933,473.508
7934,470.185
7935,309.145
7936,17.4017
7937,0.0
7938,0.0
7939,0.0
7940,0.0
7941,0.0
7942,0.0
7943,0.0
7944,0.0
7945,0.0
7946,0.0
7947,0.0
7948,0.0
7949,0.0
7950,0.0
7951,78.5777
7952,167.045
7953,271.222
7954,418.963
7955,575.53
7956,620.821
7957,343.836
7958,228.306
7959,254.074
7960,4.4222
7961,0.0
7962,0.0
7963,0.0
7964,0.0
7965,0.0
7966,0.0
7967,0.0
7968,0.0
7969,0.0
7970,0.0
7971,0.0
7972,0.0
7973,0.0
7974,0.0
7975,59.4883
7976,152.488
7977,225.07
7978,314.358
7979,343.148
7980,390.845
7981,308.456
7982,257.416
7983,112.329
7984,8.56004
7985,0.0
7986,0.0
7987,0.0
7988,0.0
7989,0.0
7990,0.0
7991,0.0
7992,0.0
7993,0.0
7994,0.0
7995,0.0
7996,0.0
7997,0.0
7998,0.0
7999,67.6383
8000,186.392
8001,293.358
8002,401.462
8003,401.171
8004,378.163
8005,287.696
8006,138.256
8007,55.3054
8008,0.0
8009,0.0
8010,0.0
8011,0.0
8012,0.0
8013,0.0
8014,0.0
8015,0.0
8016,0.0
8017,0.0
8018,0.0
8019,0.0
8020,0.0
8021,0.0
8022,0.0
8023,2.20956
8024,14.3763
8025,112.49
8026,111.414
8027,599.555
8028,569.23
8029,249.747
8030,196.933
8031,105.409
8032,19.0089
8033,0.0
8034,0.0
8035,0.0
8036,0.0
8037,0.0
8038,0.0
8039,0.0
8040,0.0
8041,0.0
8042,0.0
8043,0.0
8044,0.0
8045,0.0
8046,0.0
8047,19.4322
8048,29.1821
8049,67.7
8050,32.4415
8051,50.3773
8052,56.0627
8053,571.63
8054,409.252
8055,175.029
8056,5.41943
8057,0.0
8058,0.0
8059,0.0
8060,0.0
8061,0.0
8062,0.0
8063,0.0
8064,0.0
8065,0.0
8066,0.0
8067,0.0
8068,0.0
8069,0.0
8070,0.0
8071,19.7364
8072,74.2691
8073,118.644
8074,292.613
8075,211.754
8076,523.938
8077,507.181
8078,378.047
8079,156.454
8080,0.0
8081,0.0
8082,0.0
8083,0.0
8084,0.0
8085,0.0
8086,0.0
8087,0.0
8088,0.0
8089,0.0
8090,0.0
8091,0.0
8092,0.0
8093,0.0
8094,0.0
8095,2.86637
8096,12.4329
8097,51.4277
8098,71.9661
8099,56.5818
8100,63.685
8101,462.248
8102,356.625
8103,219.813
8104,12.1295
8105,0.0
8106,0.0
8107,0.0
8108,0.0
8109,0.0
8110,0.0
8111,0.0
8112,0.0
8113,0.0
8114,0.0
8115,0.0
8116,0.0
8117,0.0
8118,0.0
8119,196.424
8120,446.435
8121,359.218
8122,358.66
8123,543.255
8124,403.352
8125,357.215
8126,236.46
8127,71.2838
8128,5.29803
8129,0.0
8130,0.0
8131,0.0
8132,0.0
8133,0.0
8134,0.0
8135,0.0
8136,0.0
8137,0.0
8138,0.0
8139,0.0
8140,0.0
8141,0.0
8142,0.0
8143,71.3898
8144,155.21
8145,213.36
8146,335.812
8147,342.055
8148,343.944
8149,335.026
8150,252.683
8151,108.143
8152,0.0
8153,0.0
8154,0.0
8155,0.0
8156,0.0
8157,0.0
8158,0.0
8159,0.0
8160,0.0
8161,0.0
8162,0.0
8163,0.0
8164,0.0
8165,0.0
8166,0.0
8167,184.274
8168,414.41
8169,572.174
8170,676.099
8171,703.408
8172,680.77
8173,619.267
8174,501.694
8175,295.38
8176,12.3808
8177,0.0
8178,0.0
8179,0.0
8180,0.0
8181,0.0
8182,0.0
8183,0.0
8184,0.0
8185,0.0
8186,0.0
8187,0.0
8188,0.0
8189,0.0
8190,0.0
8191,186.242
8192,328.366
8193,329.894
8194,268.998
8195,266.126
8196,492.626
8197,575.044
8198,391.085
8199,345.492
8200,27.5452
8201,0.0
8202,0.0
8203,0.0
8204,0.0
8205,0.0
8206,0.0
8207,0.0
8208,0.0
8209,0.0
8210,0.0
8211,0.0
8212,0.0
8213,0.0
8214,0.0
8215,25.0276
8216,107.511
8217,109.949
8218,219.884
8219,207.735
8220,126.598
8221,129.83
8222,79.9344
8223,37.6203
8224,0.0
8225,0.0
8226,0.0
8227,0.0
8228,0.0
8229,0.0
8230,0.0
8231,0.0
8232,0.0
8233,0.0
8234,0.0
8235,0.0
8236,0.0
8237,0.0
8238,0.0
8239,19.3025
8240,65.7754
8241,100.244
8242,117.602
8243,106.424
8244,109.956
8245,93.1567
8246,65.9197
8247,32.6448
8248,0.0
8249,0.0
8250,0.0
8251,0.0
8252,0.0
8253,0.0
8254,0.0
8255,0.0
8256,0.0
8257,0.0
8258,0.0
8259,0.0
8260,0.0
8261,0.0
8262,0.0
8263,159.435
8264,385.545
8265,531.533
8266,505.67
8267,438.778
8268,479.322
8269,253.27
8270,230.74
8271,125.475
8272,0.0
8273,0.0
8274,0.0
8275,0.0
8276,0.0
8277,0.0
8278,0.0
8279,0.0
8280,0.0
8281,0.0
8282,0.0
8283,0.0
8284,0.0
8285,0.0
8286,0.0
8287,145.644
8288,289.765
8289,371.774
8290,434.958
8291,276.12
8292,450.192
8293,297.663
8294,265.638
8295,75.8795
8296,0.0
8297,0.0
8298,0.0
8299,0.0
8300,0.0
8301,0.0
8302,0.0
8303,0.0
8304,0.0
8305,0.0
8306,0.0
8307,0.0
8308,0.0
8309,0.0
8310,0.0
8311,139.171
8312,246.758
8313,389.672
8314,555.127
8315,641.578
8316,571.419
8317,464.767
8318,446.929
8319,336.069
8320,40.8783
8321,0.0
8322,0.0
8323,0.0
8324,0.0
8325,0.0
8326,0.0
8327,0.0
8328,0.0
8329,0.0
8330,0.0
8331,0.0
8332,0.0
8333,0.0
8334,0.0
8335,115.264
8336,226.446
8337,382.454
8338,551.748
8339,635.428
8340,652.001
8341,614.044
8342,502.544
8343,329.267
8344,19.5021
8345,0.0
8346,0.0
8347,0.0
8348,0.0
8349,0.0
8350,0.0
8351,0.0
8352,0.0
8353,0.0
8354,0.0
8355,0.0
8356,0.0
8357,0.0
8358,0.0
8359,133.575
8360,321.997
8361,514.199
8362,632.64
8363,676.873
8364,656.062
8365,592.654
8366,497.02
8367,293.694
8368,15.2271
8369,0.0
8370,0.0
8371,0.0
8372,0.0
8373,0.0
8374,0.0
8375,0.0
8376,0.0
8377,0.0
8378,0.0
8379,0.0
8380,0.0
8381,0.0
8382,0.0
8383,109.866
8384,283.275
8385,410.985
8386,532.825
8387,631.102
8388,637.385
8389,571.877
8390,467.472
8391,283.397
8392,14.9439
8393,0.0
8394,0.0
8395,0.0
8396,0.0
8397,0.0
8398,0.0
8399,0.0
8400,0.0
8401,0.0
8402,0.0
8403,0.0
8404,0.0
8405,0.0
8406,0.0
8407,138.619
8408,342.73
8409,525.057
8410,604.075
8411,641.792
8412,583.749
8413,570.784
8414,487.197
8415,289.098
8416,16.3862
8417,0.0
8418,0.0
8419,0.0
8420,0.0
8421,0.0
8422,0.0
8423,0.0
8424,0.0
8425,0.0
8426,0.0
8427,0.0
8428,0.0
8429,0.0
8430,0.0
8431,60.4407
8432,185.952
8433,384.495
8434,599.719
8435,706.464
8436,634.188
8437,390.502
8438,274.758
8439,146.206
8440,10.2941
8441,0.0
8442,0.0
8443,0.0
8444,0.0
8445,0.0
8446,0.0
8447,0.0
8448,0.0
8449,0.0
8450,0.0
8451,0.0
8452,0.0
8453,0.0
8454,0.0
8455,15.5587
8456,190.63
8457,483.519
8458,508.208
8459,574.001
8460,486.303
8461,168.649
8462,119.931
8463,149.255
8464,0.0
8465,0.0
8466,0.0
8467,0.0
8468,0.0
8469,0.0
8470,0.0
8471,0.0
8472,0.0
8473,0.0
8474,0.0
8475,0.0
8476,0.0
8477,0.0
8478,0.0
8479,140.848
8480,341.207
8481,518.274
8482,624.322
8483,667.572
8484,669.106
8485,624.442
8486,506.532
8487,342.201
8488,135.775
8489,0.0
8490,0.0
8491,0.0
8492,0.0
8493,0.0
8494,0.0
8495,0.0
8496,0.0
8497,0.0
8498,0.0
8499,0.0
8500,0.0
8501,0.0
8502,0.0
8503,142.385
8504,346.47
8505,524.45
8506,600.415
8507,643.642
8508,627.195
8509,576.448
8510,484.115
8511,303.152
8512,99.0185
8513,0.0
8514,0.0
8515,0.0
8516,0.0
8517,0.0
8518,0.0
8519,0.0
8520,0.0
8521,0.0
8522,0.0
8523,0.0
8524,0.0
8525,0.0
8526,0.0
8527,122.718
8528,302.96
8529,469.832
8530,547.995
8531,607.545
8532,627.364
8533,568.315
8534,453.104
8535,319.894
8536,134.094
8537,0.0
8538,0.0
8539,0.0
8540,0.0
8541,0.0
8542,0.0
8543,0.0
8544,0.0
8545,0.0
8546,0.0
8547,0.0
8548,0.0
8549,0.0
8550,0.0
8551,144.194
8552,366.966
8553,552.78
8554,632.078
8555,708.221
8556,688.545
8557,619.722
8558,503.426
8559,342.37
8560,126.235
8561,0.0
8562,0.0
8563,0.0
8564,0.0
8565,0.0
8566,0.0
8567,0.0
8568,0.0
8569,0.0
8570,0.0
8571,0.0
8572,0.0
8573,0.0
8574,0.0
8575,111.07
8576,257.757
8577,356.306
8578,603.694
8579,536.392
8580,554.689
8581,525.803
8582,365.623
8583,306.296
8584,129.081
8585,0.0
8586,0.0
8587,0.0
8588,0.0
8589,0.0
8590,0.0
8591,0.0
8592,0.0
8593,0.0
8594,0.0
8595,0.0
8596,0.0
8597,0.0
8598,0.0
8599,116.76
8600,283.758
8601,371.095
8602,512.323
8603,635.81
8604,636.695
8605,592.362
8606,510.568
8607,365.173
8608,151.701
8609,0.0
8610,0.0
8611,0.0
8612,0.0
8613,0.0
8614,0.0
8615,0.0
8616,0.0
8617,0.0
8618,0.0
8619,0.0
8620,0.0
8621,0.0
8622,0.0
8623,127.354
8624,330.901
8625,520.361
8626,567.157
8627,577.26
8628,576.444
8629,588.138
8630,457.807
8631,314.122
8632,125.436
8633,0.0
8634,0.0
8635,0.0
8636,0.0
8637,0.0
8638,0.0
8639,0.0
8640,0.0
8641,0.0
8642,0.0
8643,0.0
8644,0.0
8645,0.0
8646,0.0
8647,20.7915
8648,108.436
8649,158.346
8650,237.508
8651,273.691
8652,414.56
8653,324.961
8654,192.683
8655,13.4746
8656,16.0177
8657,0.0
8658,0.0
8659,0.0
8660,0.0
8661,0.0
8662,0.0
8663,0.0
8664,0.0
8665,0.0
8666,0.0
8667,0.0
8668,0.0
8669,0.0
8670,0.0
8671,85.5299
8672,153.028
8673,542.672
8674,531.024
8675,623.203
8676,500.363
8677,304.96
8678,258.44
8679,122.489
8680,95.7974
8681,0.0
8682,0.0
8683,0.0
8684,0.0
8685,0.0
8686,0.0
8687,0.0
8688,0.0
8689,0.0
8690,0.0
8691,0.0
8692,0.0
8693,0.0
8694,0.0
8695,117.009
8696,317.232
8697,494.637
8698,609.175
8699,628.76
8700,592.358
8701,546.023
8702,465.082
8703,344.727
8704,138.117
8705,0.0
8706,0.0
8707,0.0
8708,0.0
8709,0.0
8710,0.0
8711,0.0
8712,0.0
8713,0.0
8714,0.0
8715,0.0
8716,0.0
8717,0.0
8718,0.0
8719,0.481937
8720,34.7696
8721,56.1454
8722,79.0004
8723,83.7657
8724,87.8137
8725,70.4423
8726,64.2354
8727,33.7974
8728,6.89142
8729,0.0
8730,0.0
8731,0.0
8732,0.0
8733,0.0
8734,0.0
8735,0.0
8736,0.0
8737,0.0
8738,0.0
8739,0.0
8740,0.0
8741,0.0
8742,0.0
8743,1.3611
8744,10.2556
8745,90.3095
8746,80.8574
8747,168.449
8748,287.902
8749,489.678
8750,475.206
8751,301.403
8752,64.6594
8753,0.0
8754,0.0
8755,0.0
8756,0.0
8757,0.0
8758,0.0
8759,0.0
